alert,commit,repo_name,file_name_x,is_clean,is_refactor,added_functions,is_refactor_label,is_clean_label
line-too-long,b5222b381ef97984b7383e222bc6e721260f3c5e,Splawik/pytigon,pytigon/schserw/schsys/initdjango.py,False,,0.0,,
line-too-long,75d29f58ddb90f9afb11a03c705d27e710d18adb,hasgeek/funnel,funnel/models/contact_exchange.py,False,,0.0,,
line-too-long,ad87ea65ee434bed3e643cfc78ded2c0ec174dfe,jeremiah-c-leary/vhdl-style-guide,vsg/rules/context/rule_013.py,True,,0.0,,
line-too-long,d5d66cdcfba03b1800bc365a1ef9071f50944352,opendatadurban/scoda,rebuild_db.py,False,,0.0,,
line-too-long,02450640d9a5cee8590d43349dfd48f15a5a5c41,sqall01/alertR,sensorClientWeatherService/lib/sensor/tempForecast.py,False,,0.0,,
line-too-long,a383a34f1a6f53cd72bdd4fe067aca1cadda9030,GoogleCloudPlatform/declarative-resource-client-library,python/services/recaptchaenterprise/beta/key.py,False,,0.0,,
line-too-long,40afc18ec1718c165fca6584196ecc306261e99c,xupingmao/xnote,handlers/system/stats.py,False,,0.0,,
line-too-long,b300b5398197930de476f8cf3d4fb24717f8bb0a,vortex-exoplanet/VIP,vip_hci/stats/distances.py,,,,,
line-too-long,d10f15e55806c6944827d801cd9c2d53f5da4186,wagtail/wagtail,wagtail/images/migrations/0011_image_collection.py,False,,0.0,,
line-too-long,3b3eefd41c852c284c640b5e40f393e17967ceb8,SimpleITK/SimpleITK,Examples/ImageRegistrationMethod3/ImageRegistrationMethod3.py,False,,0.0,,
line-too-long,48eb6a685f43ac18e8bb6184cd689455e6040331,radiasoft/sirepo,sirepo/pkcli/zgoubi.py,False,,0.0,,
line-too-long,75db6f70735ab930d1dbab03d7b19317028b2653,frappe/erpnext,erpnext/crm/doctype/appointment/appointment.py,False,False,16.0,,
line-too-long,a869b53e7ef723246c6f3e9ea443e9e076f1665c,Azure/azure-sdk-for-python,sdk/keyvault/azure-keyvault-keys/azure/keyvault/keys/_shared/client_base.py,False,,0.0,,
line-too-long,80530ff09725860038067af8fc4cc73872224cfc,Catch-up-TV-and-More/plugin.video.catchuptvandmore,resources/lib/channels/wo/nhkworld.py,False,,0.0,,
line-too-long,4e3d7e989e03daa00ab525bdcd26af82ce2c7e5c,frappe/bench,bench/app.py,,,,,
line-too-long,a820c8a30f36c3a6dfe40245047e2c789de75711,jeremiah-c-leary/vhdl-style-guide,vsg/rules/architecture/rule_003.py,True,,0.0,,
line-too-long,87cbecfb2c22eb4ef23e7e503cc8598cc36c7488,jggatc/pyj2d,pyj2d/mask.py,False,,0.0,,
line-too-long,a27d583f689b70003b29cf0827716c27f847c258,nerdvegas/rez,src/rezplugins/shell/cmd.py,False,,0.0,,
line-too-long,6850e0fec38a7c5c0e2eccc1f21c913f63857301,StellarCN/py-stellar-base,stellar_sdk/xdr/manage_sell_offer_result_code.py,False,,0.0,,
line-too-long,d10f15e55806c6944827d801cd9c2d53f5da4186,wagtail/wagtail,wagtail/images/views/bulk_actions/delete.py,False,,0.0,,
line-too-long,2ee8582a84aa7515dcf94e10d712dec7ba3a4bdb,Tuxemon/Tuxemon,tuxemon/mod_manager/symlink_missing.py,False,,0.0,,
line-too-long,bb12ebd389864bbba8c2c9e15ab808efae54e660,MozillaSecurity/FuzzManager,server/server/middleware.py,False,,0.0,,
line-too-long,db3484669e040812bf2d4658c761898b41fb6e09,miku/siskin,siskin/assets/65/65_table.py,False,,0.0,,
line-too-long,efe67215b4805c78ec28a73039b2b50cf5737e42,astrobin/astrobin,astrobin_apps_iotd/templatetags/astrobin_apps_iotd_tags.py,False,,0.0,,
line-too-long,d10f15e55806c6944827d801cd9c2d53f5da4186,wagtail/wagtail,wagtail/users/migrations/0007_userprofile_current_time_zone.py,False,,0.0,,
line-too-long,6f5d5dece1e884ce8a3f260dd68f9dfb4278618e,openego/eDisGo,edisgo/tools/plots.py,False,,0.0,,
line-too-long,3b731840d8d41f3324564d559c2078398eda9c2f,blueman-project/blueman,blueman/plugins/applet/DisconnectItems.py,False,,0.0,,
line-too-long,48eb6a685f43ac18e8bb6184cd689455e6040331,radiasoft/sirepo,sirepo/template/warppba.py,False,,0.0,,
line-too-long,eb47e6df3416883df8f07f137494e2f351f7f300,helfertool/helfertool,src/registration/migrations/0054_alter_event_url_name.py,False,,0.0,,
line-too-long,e8b491aed5dacac50aac22884291eca7d5978514,MarxMustermann/OfMiceAndMechs,src/itemFolder/industry/machine.py,False,,0.0,,
line-too-long,29cf9fc8b25a540f32e4a9e0aeeaaa6ea4dcc48f,pantsbuild/pants,src/python/pants/build_graph/address.py,False,,0.0,,
line-too-long,00e040e5148ce8691937fba6def534429bd14b7f,google/jax,jax/_src/scipy/stats/betabinom.py,False,,0.0,,
line-too-long,faf9c2ffa5ae444b3e7a4836c87198b0c82f3838,facebook/fbthrift,thrift/lib/py/protocol/exceptions.py,False,,0.0,,
line-too-long,975ccce3bbc579bbed3eb66ab8d816c1147e9dfb,dedupeio/dedupe,dedupe/training.py,,,,,
line-too-long,fe26adaa07f88324c933a75f1a4dd199c9c8b2d7,open-telemetry/opentelemetry-python,exporter/opentelemetry-exporter-otlp-proto-grpc/src/opentelemetry/exporter/otlp/proto/grpc/exporter.py,,,,,
line-too-long,ecb929bb207276e4f0c4a3f7a6cf2749491d8cb5,idaholab/civet,client/settings.py,False,,0.0,,
line-too-long,230b084a0fab8940e129f50c85ab78f474267e37,helfertool/helfertool,src/mail/models.py,False,,0.0,,
line-too-long,ad87ea65ee434bed3e643cfc78ded2c0ec174dfe,jeremiah-c-leary/vhdl-style-guide,vsg/rules/package_body/rule_500.py,True,,0.0,,
line-too-long,f4d7f9e153585e25f15df8fec189544077f80180,liangliangyy/DjangoBlog,comments/urls.py,False,,0.0,,
line-too-long,40a49357b9552ef3dc39f54de38ac1e7877c5a04,xupingmao/xnote,app.py,False,False,0.0,,
line-too-long,494bd9ef78313436f0424b918f200dab8fc7c20b,frappe/erpnext,erpnext/startup/leaderboard.py,False,,0.0,,
line-too-long,494bd9ef78313436f0424b918f200dab8fc7c20b,frappe/erpnext,erpnext/stock/doctype/quality_inspection/quality_inspection.py,False,,0.0,,
line-too-long,096b135b0b19f9425d97b1f77afb521f5b8584b5,pantsbuild/pants,src/python/pants/backend/python/subsystems/python_native_code.py,False,,0.0,,
line-too-long,eb47e6df3416883df8f07f137494e2f351f7f300,helfertool/helfertool,src/registration/migrations/0004_auto_20160323_1600.py,False,,0.0,,
line-too-long,87e923a7dfb7e9c2fcbec8297afd915e2641266c,pydoit/doit,doit/cmd_run.py,False,,0.0,,
line-too-long,b875daec838d5101f01b57872a0d22c13ed1e6e3,fja05680/pinkfish,examples/090.sma-percent-band/strategy.py,False,,0.0,,
line-too-long,9d1e3107e851b3187c1270df189da74236e447f7,mitmproxy/mitmproxy,examples/addons/websocket-inject-message.py,True,,0.0,,
line-too-long,c70449c1be1b2979262e51d27c0bb1cef0183ccf,pantsbuild/pants,src/python/pants/backend/python/lint/autoflake/rules.py,False,,0.0,,
line-too-long,ff4f5d85390036b4fb8cdc3f4481e5d91dda2b61,tlemoult/spectroDb,telescope/indi/simpleAcquire.py,False,,0.0,,
line-too-long,ad87ea65ee434bed3e643cfc78ded2c0ec174dfe,jeremiah-c-leary/vhdl-style-guide,vsg/rules/case/rule_014.py,True,,0.0,,
line-too-long,578a066df4232933b285a6290e068faeb56fd4b9,pcolmant/repanier,repanier/views/download_customer_invoice.py,False,,0.0,,
line-too-long,d10f15e55806c6944827d801cd9c2d53f5da4186,wagtail/wagtail,wagtail/contrib/forms/urls.py,False,,0.0,,
line-too-long,280a3667c4c8ef7eefeb3e823e5e7a2eceb02df8,virtool/virtool,virtool/uploads/api.py,False,False,0.0,,
line-too-long,ed1567e841935acc4e07edc050fd9cfd9a71f0aa,spesmilo/electrum,electrum/gui/qt/paytoedit.py,False,,0.0,,
line-too-long,a383a34f1a6f53cd72bdd4fe067aca1cadda9030,GoogleCloudPlatform/declarative-resource-client-library,python/services/recaptchaenterprise/key.py,False,,0.0,,
line-too-long,ef0d3e7ecd05985750a20d6285f9fdce47b9616d,diofant/diofant,diofant/functions/special/delta_functions.py,False,,0.0,,
line-too-long,ad87ea65ee434bed3e643cfc78ded2c0ec174dfe,jeremiah-c-leary/vhdl-style-guide,vsg/rules/block/rule_503.py,True,,0.0,,
line-too-long,87e923a7dfb7e9c2fcbec8297afd915e2641266c,pydoit/doit,doit/cmd_base.py,False,,0.0,,
line-too-long,48eb6a685f43ac18e8bb6184cd689455e6040331,radiasoft/sirepo,sirepo/sim_data/shadow.py,False,,0.0,,
line-too-long,3d2b457ddf843ebb1da735db0f94b650d598b60b,DemocracyClub/UK-Polling-Stations,polling_stations/apps/data_importers/management/commands/import_bolton.py,False,,0.0,,
line-too-long,9551826282bb90d1a4d73219af726637da75665c,radiasoft/pykern,pykern/pkresource.py,False,,0.0,,
line-too-long,494bd9ef78313436f0424b918f200dab8fc7c20b,frappe/erpnext,erpnext/www/support/index.py,False,,0.0,,
line-too-long,4742e0b98c7a8a83decb311d41732b870555f539,geodynamics/burnman,burnman/minerals/HHPH_2013.py,False,,0.0,,
line-too-long,1f55acc3d4813fd03381c622e3424c0fbea53493,spaam/svtplay-dl,lib/svtplay_dl/service/nrk.py,False,,0.0,,
line-too-long,deacd11270ca26ddd335c4052c0150491695860b,xia2/xia2,src/xia2/Modules/MultiCrystal/ScaleAndMerge.py,False,,0.0,,
line-too-long,61af8e7b871d23245a0f726c79a5950d70ec028d,google-research/kubric,kubric/renderer/blender_utils.py,False,,0.0,,
line-too-long,8c64ef06228faa96594b052c73838e9584292708,geopython/pycsw,pycsw/wsgi_flask.py,False,,0.0,,
line-too-long,d381c023622a5edab792618412e2b8c43d6e0650,nerdvegas/rez,src/rezplugins/shell/cmd.py,,,,,
line-too-long,9551826282bb90d1a4d73219af726637da75665c,radiasoft/pykern,pykern/pkio.py,False,,0.0,,
line-too-long,d9b0c6fbf7aa5bd9af84264105b39c82028a4a29,FDio/vpp,src/plugins/nat/extras/nat_10Ms.py,False,,0.0,,
line-too-long,f41636b9b84003301af2d281bcf155cbb7b22c2c,ansible/ansible,lib/ansible/utils/unsafe_proxy.py,False,,0.0,,
line-too-long,bb12ebd389864bbba8c2c9e15ab808efae54e660,MozillaSecurity/FuzzManager,server/crashmanager/cron.py,False,,0.0,,
line-too-long,9596d1037bb38f9ef703d93c0464ccddf06bead0,TheImagingSource/tiscamera,examples/python/04-list-formats.py,False,,0.0,,
line-too-long,494bd9ef78313436f0424b918f200dab8fc7c20b,frappe/erpnext,erpnext/manufacturing/report/production_analytics/production_analytics.py,False,,0.0,,
line-too-long,6850e0fec38a7c5c0e2eccc1f21c913f63857301,StellarCN/py-stellar-base,stellar_sdk/xdr/path_payment_strict_receive_result_code.py,False,,0.0,,
line-too-long,2365d8b9b5e8f1054c575818bf4a1684d2f9d121,facelessuser/ColorHelper,lib/coloraide/spaces/oklab/css.py,False,,0.0,,
line-too-long,2bfdd9db6aeca80c752055a09ec06c10bc28cf18,oppia/oppia,core/domain/caching_services.py,True,,0.0,,
line-too-long,ad87ea65ee434bed3e643cfc78ded2c0ec174dfe,jeremiah-c-leary/vhdl-style-guide,vsg/rules/function/rule_005.py,True,,0.0,,
line-too-long,209b3542d48aad11a4bb88e8e9c62ed776013247,pantsbuild/pants,pants-plugins/internal_plugins/releases/register.py,False,,0.0,,
line-too-long,010e55c3fa7ecf993988a8ca0fb468e469fb329b,numba/numba,numba/core/base.py,False,,0.0,,
line-too-long,e10691c98e0621e20a14f0051f540f7e40013486,kizniche/Mycodo,mycodo/devices/atlas_scientific_uart.py,True,,0.0,,
line-too-long,ad87ea65ee434bed3e643cfc78ded2c0ec174dfe,jeremiah-c-leary/vhdl-style-guide,vsg/rules/entity/rule_008.py,True,,0.0,,
line-too-long,c203f3bc64b77dccedbc339a2c7805ea5db5cc9d,jeremiah-c-leary/vhdl-style-guide,vsg/rules/component/rule_002.py,False,,0.0,,
line-too-long,460a0c70d77a4fa600f653c9f4046595e8448888,PyCQA/pylint,pylint/checkers/imports.py,False,,0.0,,
line-too-long,fe66940a99a2d90c097b8e4af542d6fe7ec75a16,PAHFIT/pypahfit,pahfit/scripts/run_pahfit.py,False,,0.0,,
line-too-long,6850e0fec38a7c5c0e2eccc1f21c913f63857301,StellarCN/py-stellar-base,stellar_sdk/xdr/claim_predicate_type.py,False,,0.0,,
line-too-long,eb47e6df3416883df8f07f137494e2f351f7f300,helfertool/helfertool,src/registration/migrations/0055_event_corona.py,False,,0.0,,
line-too-long,ad87ea65ee434bed3e643cfc78ded2c0ec174dfe,jeremiah-c-leary/vhdl-style-guide,vsg/rules/length/rule_001.py,True,,0.0,,
line-too-long,6d34eda2b167b1abc357ffa708a1224e9b4f344c,googlefonts/nanoemoji,src/nanoemoji/write_font.py,False,,1.0,,
line-too-long,d10f15e55806c6944827d801cd9c2d53f5da4186,wagtail/wagtail,wagtail/documents/forms.py,False,,0.0,,
line-too-long,ad87ea65ee434bed3e643cfc78ded2c0ec174dfe,jeremiah-c-leary/vhdl-style-guide,vsg/rules/generate/rule_600.py,True,,0.0,,
line-too-long,d10f15e55806c6944827d801cd9c2d53f5da4186,wagtail/wagtail,wagtail/documents/views/multiple.py,False,,0.0,,
line-too-long,7c2c21aab1b9a478274c174bbd387b9ba71f52d7,jeremiah-c-leary/vhdl-style-guide,vsg/rules/context/rule_027.py,False,,0.0,,
line-too-long,1bc8389bc4f1904e195d3c8e45a6b5f5ff0d3e3d,vortex-exoplanet/VIP,vip_hci/stats/distances.py,False,,0.0,,
line-too-long,a820c8a30f36c3a6dfe40245047e2c789de75711,jeremiah-c-leary/vhdl-style-guide,vsg/rules/block/rule_200.py,True,,0.0,,
line-too-long,2752ad287f1c26ef5d0bd0b54a0130b5075f258c,BirkbeckCTP/janeway,src/press/templatetags/press_url.py,False,,0.0,,
line-too-long,2ee8582a84aa7515dcf94e10d712dec7ba3a4bdb,Tuxemon/Tuxemon,tuxemon/log.py,False,,0.0,,
line-too-long,494bd9ef78313436f0424b918f200dab8fc7c20b,frappe/erpnext,erpnext/accounts/doctype/pos_opening_entry/pos_opening_entry.py,False,,0.0,,
line-too-long,494bd9ef78313436f0424b918f200dab8fc7c20b,frappe/erpnext,erpnext/manufacturing/report/downtime_analysis/downtime_analysis.py,False,,0.0,,
line-too-long,ad87ea65ee434bed3e643cfc78ded2c0ec174dfe,jeremiah-c-leary/vhdl-style-guide,vsg/rules/entity_specification/rule_501.py,True,,0.0,,
line-too-long,494bd9ef78313436f0424b918f200dab8fc7c20b,frappe/erpnext,erpnext/stock/doctype/item_attribute/item_attribute.py,False,,0.0,,
line-too-long,ad87ea65ee434bed3e643cfc78ded2c0ec174dfe,jeremiah-c-leary/vhdl-style-guide,vsg/rules/block/rule_600.py,True,,0.0,,
line-too-long,97faf6c11f985f128446bc7d9e99a22362bd1bc1,googleapis/python-spanner,samples/samples/snippets.py,False,,0.0,,
line-too-long,f011da235f705411239d992bc3c92f1c072f89a9,apache/airflow,airflow/example_dags/example_task_group_decorator.py,False,,0.0,,
line-too-long,ad87ea65ee434bed3e643cfc78ded2c0ec174dfe,jeremiah-c-leary/vhdl-style-guide,vsg/rules/subtype/rule_004.py,True,,0.0,,
line-too-long,ad87ea65ee434bed3e643cfc78ded2c0ec174dfe,jeremiah-c-leary/vhdl-style-guide,vsg/rules/generate/rule_005.py,True,,0.0,,
line-too-long,d10f15e55806c6944827d801cd9c2d53f5da4186,wagtail/wagtail,wagtail/admin/api/views.py,False,,0.0,,
line-too-long,ad87ea65ee434bed3e643cfc78ded2c0ec174dfe,jeremiah-c-leary/vhdl-style-guide,vsg/rules/variable/rule_600.py,True,,0.0,,
line-too-long,6850e0fec38a7c5c0e2eccc1f21c913f63857301,StellarCN/py-stellar-base,stellar_sdk/xdr/begin_sponsoring_future_reserves_result_code.py,False,,0.0,,
line-too-long,ad87ea65ee434bed3e643cfc78ded2c0ec174dfe,jeremiah-c-leary/vhdl-style-guide,vsg/rules/subprogram_body/rule_203.py,True,,0.0,,
line-too-long,06d5ac757912e5087edf4f2fe5d1e1d2b050d7b6,UrLab/DocHub,users/models.py,False,,0.0,,
line-too-long,067196c508c1c81e0b362abcdcda46353c755a4d,zulip/zulip,tools/lib/provision_inner.py,False,,0.0,,
line-too-long,78c2c966afc5cb735cf98963dff999f6a0469e87,UrLab/DocHub,catalog/models.py,False,False,1.0,,
line-too-long,bf2c389d2c5fe5889eb705f841a090cf9ba21c20,pauliacomi/pyGAPS,src/pygaps/characterisation/area_bet.py,False,,1.0,,
line-too-long,4b6ea956e9abef4e67043aed8ad7399bda0b0fbf,explosion/thinc,thinc/layers/concatenate.py,False,,0.0,,
line-too-long,ad87ea65ee434bed3e643cfc78ded2c0ec174dfe,jeremiah-c-leary/vhdl-style-guide,vsg/rules/process/rule_019.py,True,,0.0,,
line-too-long,ec0f1cd6633bfeae18dc227dcd0c34018d96d767,hasgeek/funnel,funnel/loginproviders/github.py,False,,0.0,,
line-too-long,eb47e6df3416883df8f07f137494e2f351f7f300,helfertool/helfertool,src/mail/migrations/0009_alter_sentmail_user.py,False,,0.0,,
line-too-long,ad87ea65ee434bed3e643cfc78ded2c0ec174dfe,jeremiah-c-leary/vhdl-style-guide,vsg/rules/constant/rule_015.py,True,,0.0,,
line-too-long,d1dd1b463fafcfcdc9e1691354f0b4d5bc93e879,googlefonts/nanoemoji,src/nanoemoji/write_font.py,False,,1.0,,
line-too-long,0686b4ed8ad6b3014784e0a3c6d92d977fda3dc8,pydoit/doit,doit/cmd_base.py,False,,1.0,,
line-too-long,8952b9530d943655e552ea660c47e850123c5105,fnp/wolnelektury,src/catalogue/views.py,False,,0.0,,
line-too-long,d10f15e55806c6944827d801cd9c2d53f5da4186,wagtail/wagtail,wagtail/admin/filters.py,False,,0.0,,
line-too-long,494bd9ef78313436f0424b918f200dab8fc7c20b,frappe/erpnext,erpnext/selling/doctype/sms_center/sms_center.py,False,,0.0,,
line-too-long,e13f3dc20e0af40a708a533c619930544a7a9601,ROCmSoftwarePlatform/rocFFT,scripts/perf/perflib/specs.py,False,,0.0,,
line-too-long,f9f965a2868b95dc658c4cd6ebf2e612ebb71987,rocky/python-xdis,xdis/magics.py,False,,0.0,,
line-too-long,e3cac888d40bf67af11e57b74615b0c3b8e8aa3e,googleapis/python-logging,google/cloud/logging_v2/handlers/handlers.py,False,,0.0,,
line-too-long,2365d8b9b5e8f1054c575818bf4a1684d2f9d121,facelessuser/ColorHelper,lib/coloraide/spaces/hsl/css.py,False,,0.0,,
line-too-long,ad87ea65ee434bed3e643cfc78ded2c0ec174dfe,jeremiah-c-leary/vhdl-style-guide,vsg/rules/context/rule_012.py,True,,0.0,,
line-too-long,ad87ea65ee434bed3e643cfc78ded2c0ec174dfe,jeremiah-c-leary/vhdl-style-guide,vsg/rules/type_definition/rule_011.py,True,,0.0,,
line-too-long,7b381791d3c207c0135c8030644f9f9e99e9ddc3,conan-io/conan,conan/tools/cmake/cmake.py,False,,1.0,,
line-too-long,ad87ea65ee434bed3e643cfc78ded2c0ec174dfe,jeremiah-c-leary/vhdl-style-guide,vsg/rules/package/rule_016.py,True,,0.0,,
line-too-long,494bd9ef78313436f0424b918f200dab8fc7c20b,frappe/erpnext,erpnext/accounts/report/trial_balance_for_party/trial_balance_for_party.py,False,,0.0,,
line-too-long,abb6577adf5ae9fd34bb2f7f8c7965d545ae7aef,jobovy/galpy,doc/source/examples/dierickx-edist.py,False,,0.0,,
line-too-long,c203f3bc64b77dccedbc339a2c7805ea5db5cc9d,jeremiah-c-leary/vhdl-style-guide,vsg/rules/entity/rule_002.py,False,,0.0,,
line-too-long,0ceb22f93fa916db653b0030efa962c4f9626b81,Azure/azure-sdk-for-python,sdk/keyvault/azure-keyvault-keys/azure/keyvault/keys/_shared/client_base.py,False,,5.0,,
line-too-long,d1ee962d4b7e94518f1dc897660d064c6eac4169,frappe/erpnext,erpnext/crm/doctype/appointment/appointment.py,False,False,1.0,,
line-too-long,d10f15e55806c6944827d801cd9c2d53f5da4186,wagtail/wagtail,wagtail/documents/api/v2/views.py,False,,0.0,,
line-too-long,494bd9ef78313436f0424b918f200dab8fc7c20b,frappe/erpnext,erpnext/patches/v11_0/rename_asset_adjustment_doctype.py,False,,0.0,,
line-too-long,87cbecfb2c22eb4ef23e7e503cc8598cc36c7488,jggatc/pyj2d,pyj2d/key.py,False,,0.0,,
line-too-long,cec1b77f90bf2eb4b93763b487681fed57aeda53,FCP-INDI/C-PAC,CPAC/utils/interfaces/ants.py,False,,10.0,,
line-too-long,6850e0fec38a7c5c0e2eccc1f21c913f63857301,StellarCN/py-stellar-base,stellar_sdk/xdr/ledger_entry_type.py,False,,0.0,,
line-too-long,8cd4ba503b66d294db0408d73dd746c5708dedf5,virtool/virtool,virtool/indexes/db.py,False,False,0.0,,
line-too-long,494bd9ef78313436f0424b918f200dab8fc7c20b,frappe/erpnext,erpnext/support/report/issue_analytics/issue_analytics.py,False,,0.0,,
line-too-long,1d157836adca8f8d2ec7953fb984ab9fb5775ae8,alphagov/notifications-api,app/billing/billing_schemas.py,False,,0.0,,
line-too-long,de07da851d6395f323a2e393f62db43e7703b8f4,fedspendingtransparency/data-act-broker-backend,dataactcore/utils/fileD2.py,False,,0.0,,
line-too-long,d10f15e55806c6944827d801cd9c2d53f5da4186,wagtail/wagtail,wagtail/admin/widgets/filtered_select.py,False,,0.0,,
line-too-long,43c51e16967d74f42bdc94b182aeba107fbc0d6b,catalyst-cooperative/pudl,src/pudl/output/ferc1.py,False,,0.0,,
line-too-long,728eedd0e9497dcc23f0171d9ecbc5ef2d9e97fa,isard-vdi/isard,api/src/api/libv2/api_users.py,False,,0.0,,
line-too-long,ad87ea65ee434bed3e643cfc78ded2c0ec174dfe,jeremiah-c-leary/vhdl-style-guide,vsg/rules/procedure_call/rule_501.py,True,,0.0,,
line-too-long,38cca379df2af37fcd2417bfb8cb22defd4ca2cd,mitmproxy/mitmproxy,mitmproxy/tools/web/webaddons.py,False,,0.0,,
line-too-long,b875daec838d5101f01b57872a0d22c13ed1e6e3,fja05680/pinkfish,examples/240.double-7s-portfolio/strategy.py,False,,0.0,,
line-too-long,494bd9ef78313436f0424b918f200dab8fc7c20b,frappe/erpnext,erpnext/patches/v10_0/item_barcode_childtable_migrate.py,False,,0.0,,
line-too-long,bfe18d6085d4b64e66e003ad7837c1c1341fdc08,frappe/erpnext,erpnext/crm/doctype/appointment/appointment.py,False,False,1.0,,
line-too-long,48eb6a685f43ac18e8bb6184cd689455e6040331,radiasoft/sirepo,sirepo/util.py,False,,0.0,,
line-too-long,016c87c2ea1a5e1485dfeebfa39be66540aac0dc,elastic/elasticsearch-py,elasticsearch/_sync/client/transform.py,False,,0.0,,
line-too-long,48eb6a685f43ac18e8bb6184cd689455e6040331,radiasoft/sirepo,sirepo/template/code_variable.py,False,,0.0,,
line-too-long,494bd9ef78313436f0424b918f200dab8fc7c20b,frappe/erpnext,erpnext/assets/doctype/asset_value_adjustment/asset_value_adjustment.py,False,,0.0,,
line-too-long,5c9ba6da30019fc209f8b42259bdbe0f4fd32b3f,HumanCompatibleAI/imitation,src/imitation/algorithms/bc.py,False,,17.0,,
line-too-long,3878db3bc4230113410d6fa056fe996be470b4ac,virtool/virtool,virtool/tasks/task.py,False,False,0.0,,
line-too-long,e998977e05ddc6937de9ee6f8229c3661b219614,pekrau/Publications,publications/home.py,False,,0.0,,
line-too-long,1be184449f0266877886e1e99ad59d051f8e6ff4,lmcinnes/pynndescent,pynndescent/rp_trees.py,False,,0.0,,
line-too-long,894e5eb5ee89d8b64f827cb63cf588d91292589d,MIT-LCP/wfdb-python,wfdb/processing/qrs.py,,,,,
line-too-long,eb47e6df3416883df8f07f137494e2f351f7f300,helfertool/helfertool,src/badges/migrations/0007_badgesettings_language.py,False,,0.0,,
line-too-long,17623dcada5c61165b4cca71deb4b57931fd8411,tensorflow/tfx,tfx/dsl/compiler/compiler.py,False,,0.0,,
line-too-long,d10f15e55806c6944827d801cd9c2d53f5da4186,wagtail/wagtail,wagtail/documents/migrations/0005_document_collection.py,False,,0.0,,
line-too-long,8cc5e04b8a54060de8a707f9a6dd25f1ddd10db5,ECP-CANDLE/Benchmarks,Pilot1/UnoMT/unoMT_baseline_pytorch.py,False,,0.0,,
line-too-long,a01bba80d6e770958a59cda7f2f66b0f298b3976,opendata-swiss/ckanext-geocat,ckanext/geocat/utils/search_utils.py,False,,0.0,,
line-too-long,3b3eefd41c852c284c640b5e40f393e17967ceb8,SimpleITK/SimpleITK,Examples/ImageRegistrationMethodExhaustive/ImageRegistrationMethodExhaustive.py,False,,0.0,,
line-too-long,0b3d4978c4dea5897b0607c3a8ad8890a1189bec,boriel/zxbasic,src/api/global_.py,False,,0.0,,
line-too-long,494bd9ef78313436f0424b918f200dab8fc7c20b,frappe/erpnext,erpnext/patches/v12_0/set_task_status.py,False,,0.0,,
line-too-long,10295569025b12b054e7692deda55105d1e07283,jumpserver/jumpserver,apps/settings/serializers/auth/feishu.py,False,,0.0,,
line-too-long,ad87ea65ee434bed3e643cfc78ded2c0ec174dfe,jeremiah-c-leary/vhdl-style-guide,vsg/rules/package/rule_013.py,True,,0.0,,
line-too-long,cf7af7d37fc571e2de3da9cd4a774e33fc12ae48,google-research/kubric,examples/simulator.py,False,,0.0,,
line-too-long,494bd9ef78313436f0424b918f200dab8fc7c20b,frappe/erpnext,erpnext/crm/report/opportunity_summary_by_sales_stage/opportunity_summary_by_sales_stage.py,False,,0.0,,
line-too-long,ad87ea65ee434bed3e643cfc78ded2c0ec174dfe,jeremiah-c-leary/vhdl-style-guide,vsg/rules/component/rule_008.py,True,,0.0,,
line-too-long,3b408f23f50889c7d1c6fee9329c76b739b9f667,MIT-LCP/wfdb-python,wfdb/processing/qrs.py,False,,0.0,,
line-too-long,882e87577d00b57cc6facdc614953e8cbcfe29c1,UtrechtUniversity/yoda-portal,stats/stats.py,False,,0.0,,
line-too-long,ad87ea65ee434bed3e643cfc78ded2c0ec174dfe,jeremiah-c-leary/vhdl-style-guide,vsg/rules/architecture/rule_009.py,True,,0.0,,
line-too-long,2c2ef3ffeb34b455ff8a2e00096cebae643f55f0,tensorflow/docs,tools/tensorflow_docs/api_generator/doc_generator_visitor.py,False,,17.0,,
line-too-long,ad87ea65ee434bed3e643cfc78ded2c0ec174dfe,jeremiah-c-leary/vhdl-style-guide,vsg/rules/type_definition/rule_013.py,True,,0.0,,
line-too-long,6850e0fec38a7c5c0e2eccc1f21c913f63857301,StellarCN/py-stellar-base,stellar_sdk/xdr/public_key_type.py,False,,0.0,,
line-too-long,962be36f3d3e957e4326cabae8f1cafdbc36f852,leprikon-cz/leprikon,leprikon/middleware.py,False,,0.0,,
line-too-long,21b4de538368d7b05072dca3eae36840d3809e00,pantsbuild/pants,src/python/pants/build_graph/address.py,False,,1.0,,
line-too-long,d10f15e55806c6944827d801cd9c2d53f5da4186,wagtail/wagtail,wagtail/images/api/v2/views.py,False,,0.0,,
line-too-long,ad87ea65ee434bed3e643cfc78ded2c0ec174dfe,jeremiah-c-leary/vhdl-style-guide,vsg/rules/entity/rule_010.py,True,,0.0,,
line-too-long,1dc27f9b3b3e5720badcefded26ac7768f8d7e4d,fkie-cad/FACT_core,src/plugins/analysis/crypto_hints/code/crypto_hints.py,False,,0.0,,
line-too-long,0fc655200bc095e547a80ae7146f8ca42268fc02,conan-io/conan,conan/tools/cmake/cmake.py,False,,0.0,,
line-too-long,ad87ea65ee434bed3e643cfc78ded2c0ec174dfe,jeremiah-c-leary/vhdl-style-guide,vsg/rules/instantiation/rule_600.py,True,,0.0,,
line-too-long,b660e3bc5aade797ab22f91de379a58b291fd443,Fresnoy/kart,diffusion/models.py,False,,0.0,,
line-too-long,ad87ea65ee434bed3e643cfc78ded2c0ec174dfe,jeremiah-c-leary/vhdl-style-guide,vsg/rules/package_body/rule_505.py,True,,0.0,,
line-too-long,f180c5b8c2357f6d2d2991bbff51bfe5af11fd6c,awacha/cct,cct/qtgui2/processingmain/closablemdisubwindow.py,False,,0.0,,
line-too-long,ad87ea65ee434bed3e643cfc78ded2c0ec174dfe,jeremiah-c-leary/vhdl-style-guide,vsg/rules/if_statement/rule_025.py,True,,0.0,,
line-too-long,84ff4b596dca0940a8b633178866b75f394aa3ab,adbar/htmldate,htmldate/utils.py,False,,0.0,,
line-too-long,c203f3bc64b77dccedbc339a2c7805ea5db5cc9d,jeremiah-c-leary/vhdl-style-guide,vsg/rules/architecture/rule_032.py,False,,0.0,,
line-too-long,c9e5dffefe3159db0449e7281adcf9f5963a8e62,jeremiah-c-leary/vhdl-style-guide,vsg/rules/component/rule_012.py,False,,1.0,,
line-too-long,08b59fa135d97df2b3ef688d9f131cabfb3de2b4,FCP-INDI/C-PAC,CPAC/pipeline/nipype_pipeline_engine/engine.py,False,,3.0,,
line-too-long,e657e712d6dd295805743dc5fca0d006ac150922,hail-is/hail,hail/python/hailtop/auth/tokens.py,False,,0.0,,
line-too-long,7992d33965c4c20eee8e17a1ec5680efa37fdb13,mapillary/OpenSfM,opensfm/synthetic_data/synthetic_scene.py,False,,0.0,,
line-too-long,b93b63ea0329d2636cc147f7486d77fd40d839d6,jeremiah-c-leary/vhdl-style-guide,vsg/rules/architecture/rule_012.py,False,,0.0,,
line-too-long,ad87ea65ee434bed3e643cfc78ded2c0ec174dfe,jeremiah-c-leary/vhdl-style-guide,vsg/rules/component/rule_004.py,True,,0.0,,
line-too-long,494bd9ef78313436f0424b918f200dab8fc7c20b,frappe/erpnext,erpnext/selling/report/item_wise_sales_history/item_wise_sales_history.py,False,,0.0,,
line-too-long,e452b9d17f052855a16c6b4f80b878919d4b8fff,xupingmao/xnote,handlers/note/note_stat.py,False,,0.0,,
line-too-long,11142c548ee91c37c8819a2f5e81b65f78eac873,ligo-cbc/pycbc,pycbc/workflow/tmpltbank.py,False,,0.0,,
line-too-long,7344a6c1c5d6bd5d4bb9596979828ecf99e9b1d5,radiasoft/sirepo,sirepo/sim_data/elegant.py,,,,,
line-too-long,494bd9ef78313436f0424b918f200dab8fc7c20b,frappe/erpnext,erpnext/stock/doctype/item_variant_settings/item_variant_settings.py,False,,0.0,,
line-too-long,d10f15e55806c6944827d801cd9c2d53f5da4186,wagtail/wagtail,wagtail/admin/views/pages/utils.py,False,,0.0,,
line-too-long,48eb6a685f43ac18e8bb6184cd689455e6040331,radiasoft/sirepo,sirepo/template/srw_fixup.py,False,,0.0,,
line-too-long,7218a0ca1871c881070a25e33bb1198f51ba1e3a,matrix-org/synapse,synapse/handlers/identity.py,False,,0.0,,
line-too-long,273c344953469e0cb0e8c9ebf9f664dbd7a22fde,dprog-philippe-docourt/django-qr-code,docs/conf.py,False,,0.0,,
line-too-long,ad87ea65ee434bed3e643cfc78ded2c0ec174dfe,jeremiah-c-leary/vhdl-style-guide,vsg/rules/if_statement/rule_030.py,True,,0.0,,
line-too-long,8cc5e04b8a54060de8a707f9a6dd25f1ddd10db5,ECP-CANDLE/Benchmarks,common/darts/api/info.py,False,,0.0,,
line-too-long,015e3eb699113936b059a66754e2c38afafd70b0,PyAbel/PyAbel,doc/conf.py,False,,0.0,,
line-too-long,c13d8d9a6ab234a39e03a6a4f76ff1c202bfbd4a,PyCQA/pylint,pylint/utils/utils.py,False,,0.0,,
line-too-long,f91a96d7b6f541eecda1760b4fc8bacb682b6a76,rupran/librarytrader,librarytrader/interface_calls.py,False,,0.0,,
line-too-long,ad87ea65ee434bed3e643cfc78ded2c0ec174dfe,jeremiah-c-leary/vhdl-style-guide,vsg/rules/context/rule_016.py,True,,0.0,,
line-too-long,81892df1768340472fe444eb9c514ff02d604aa0,zulip/zulip,zerver/lib/timezone.py,False,,0.0,,
line-too-long,d7c2f6cfb3e48856c81e076bca61638fe7b46250,astropy/astropy,astropy/utils/iers/iers.py,True,,0.0,,
line-too-long,98192c8c672a988c25f959444e38cb26da1d414b,DemocracyClub/UK-Polling-Stations,polling_stations/apps/data_importers/management/commands/import_colchester.py,False,,0.0,,
line-too-long,7225df8b9db9eb5b210c8b41597ad1d64eed5c3b,jeremiah-c-leary/vhdl-style-guide,vsg/vhdlFile/classify/interface_signal_declaration.py,True,,0.0,,
line-too-long,b16eeef257df78510326470a70ee6a4e2ec62d0e,gemrb/gemrb,gemrb/GUIScripts/GUIRECCommon.py,False,,0.0,,
line-too-long,27246611bcf7ae0399ae526e5be3ecf335c85739,BirkbeckCTP/janeway,src/press/views.py,True,,0.0,,
line-too-long,cb472aa3c2539235df6c5dce1e74b262ec2b77d5,conan-io/conan,conan/tools/cmake/cmake.py,False,,0.0,,
line-too-long,f7f8cea636714dc4843b8818c553510f99084b6a,kivy/python-for-android,pythonforandroid/archs.py,False,,0.0,,
line-too-long,ad87ea65ee434bed3e643cfc78ded2c0ec174dfe,jeremiah-c-leary/vhdl-style-guide,vsg/rules/package/rule_008.py,True,,0.0,,
line-too-long,3c3007407826173e034cd3b45cd80fa82a9fd18d,frappe/bench,bench/app.py,,,,,
line-too-long,3aef9a796eecfea77e9655cbc160988a39368f4e,spaam/svtplay-dl,lib/svtplay_dl/service/nrk.py,False,,0.0,,
line-too-long,6edd31f9928f4d06fa778f8dca057af59a2fb823,googlecolab/colabtools,google/colab/drive.py,False,False,0.0,,
line-too-long,9551826282bb90d1a4d73219af726637da75665c,radiasoft/pykern,pykern/pkplatform.py,False,,0.0,,
line-too-long,febca8ccbb10d4a618a20c5a25df86ca3532acb0,Cog-Creators/Red-DiscordBot,redbot/core/commands/context.py,False,,0.0,,
line-too-long,c117fa55f6056fc1ac97f55c13c51308545a7ddc,jeremiah-c-leary/vhdl-style-guide,vsg/rules/context/rule_003.py,False,,0.0,,
line-too-long,494bd9ef78313436f0424b918f200dab8fc7c20b,frappe/erpnext,erpnext/stock/dashboard_chart_source/warehouse_wise_stock_value/warehouse_wise_stock_value.py,False,,0.0,,
line-too-long,ad87ea65ee434bed3e643cfc78ded2c0ec174dfe,jeremiah-c-leary/vhdl-style-guide,vsg/rules/subprogram_body/rule_205.py,True,,0.0,,
line-too-long,ad87ea65ee434bed3e643cfc78ded2c0ec174dfe,jeremiah-c-leary/vhdl-style-guide,vsg/rules/context/rule_015.py,True,,0.0,,
line-too-long,b2461e1a7606c01c215990b410403e1bf901a88b,Catch-up-TV-and-More/plugin.video.catchuptvandmore,resources/lib/channels/ma/medi1.py,False,,0.0,,
line-too-long,9ee4638aee503cb1db3a1cbe2cd1987ef0a45c62,agdsn/pycroft,pycroft/lib/swdd.py,False,,0.0,,
line-too-long,ef8591ba92e6b5c6808ec84b9ce6db5309f03c78,deepmind/dm-haiku,haiku/_src/pad.py,False,,0.0,,
line-too-long,6852bab6ac65eb0ba6ca129b837d5bcc0b731147,conan-io/conan,conan/tools/cmake/cmake.py,False,,0.0,,
line-too-long,6850e0fec38a7c5c0e2eccc1f21c913f63857301,StellarCN/py-stellar-base,stellar_sdk/xdr/claimable_balance_id_type.py,False,,0.0,,
line-too-long,10295569025b12b054e7692deda55105d1e07283,jumpserver/jumpserver,apps/settings/serializers/auth/dingtalk.py,False,,0.0,,
line-too-long,a5587c121cccc4a762a16fd71fc7c2877d51ac47,GPflow/GPflow,gpflow/likelihoods/scalar_continuous.py,False,,4.0,,
line-too-long,d9b0c6fbf7aa5bd9af84264105b39c82028a4a29,FDio/vpp,src/plugins/nat/extras/nat_out2in_10ks.py,False,,0.0,,
line-too-long,b3587b52b25077f68116b9852b041d33e7fc6601,mitmproxy/mitmproxy,mitmproxy/tools/web/webaddons.py,False,,0.0,,
line-too-long,d10f15e55806c6944827d801cd9c2d53f5da4186,wagtail/wagtail,wagtail/documents/migrations/0002_initial_data.py,False,,0.0,,
line-too-long,f011da235f705411239d992bc3c92f1c072f89a9,apache/airflow,airflow/example_dags/example_branch_labels.py,False,,0.0,,
line-too-long,6850e0fec38a7c5c0e2eccc1f21c913f63857301,StellarCN/py-stellar-base,stellar_sdk/xdr/revoke_sponsorship_type.py,False,,0.0,,
line-too-long,bb12ebd389864bbba8c2c9e15ab808efae54e660,MozillaSecurity/FuzzManager,server/ec2spotmanager/templatetags/recursetags.py,False,,0.0,,
line-too-long,bd130ecd7ec5220c5371e2e056507ca8b1f02219,PyCQA/pylint,script/bump_changelog.py,False,,3.0,,
line-too-long,e64614274c59d58d14e0d2c2946cc1fc7c35ddd5,fabiocaccamo/django-admin-interface,admin_interface/models.py,False,,0.0,,
line-too-long,cefd6c9db6fa919e031a1d642daa282bc6d1c8d8,astropy/astropy,astropy/modeling/mappings.py,False,,0.0,,
line-too-long,5f9242b3874409a7724365aaf6c24001bedd1840,Akuli/porcupine,scripts/build-exe-installer.py,False,,0.0,,
line-too-long,069ec8fcc642b82a24943b1d0b8108b364096092,metabrainz/listenbrainz-server,listenbrainz/db/model/feedback.py,False,,0.0,,
line-too-long,85055cdea257c2a711a7dbfbf7c857268901bd6d,voussoir/etiquette,frontends/etiquette_flask/etiquette_flask_dev.py,False,,0.0,,
line-too-long,f2fa4e1daa978b0b3548c47982fb4811e0180d9e,lutris/lutris,lutris/gui/widgets/notifications.py,False,,0.0,,
line-too-long,2b2b410d0475e34e562759b413f24b4f0ed06a13,osm-fr/osmose-frontend,modules/query_meta.py,False,,0.0,,
line-too-long,acb0c44b71ed3e4182757d2f593f29cf61630e6e,jeremiah-c-leary/vhdl-style-guide,vsg/rules/process/rule_015.py,False,,0.0,,
line-too-long,6850e0fec38a7c5c0e2eccc1f21c913f63857301,StellarCN/py-stellar-base,stellar_sdk/xdr/manage_buy_offer_result_code.py,False,,0.0,,
line-too-long,8010e0f0a9ca67c2566cb471b3be82be13af982c,uclapi/uclapi,backend/uclapi/timetable/management/commands/update_gencache.py,False,,0.0,,
line-too-long,ad87ea65ee434bed3e643cfc78ded2c0ec174dfe,jeremiah-c-leary/vhdl-style-guide,vsg/rules/attribute_specification/rule_502.py,True,,0.0,,
line-too-long,9522c7f3450244e116c18a61dcb85a020149b289,StartupsPoleEmploi/labonneboite,labonneboite/web/user/views.py,False,,0.0,,
line-too-long,ad87ea65ee434bed3e643cfc78ded2c0ec174dfe,jeremiah-c-leary/vhdl-style-guide,vsg/rules/context/rule_014.py,True,,0.0,,
line-too-long,fadfb5b731224b191e7f060cce52f21bcbec30fd,pantsbuild/pants,src/python/pants/backend/docker/goals/package_image.py,False,,0.0,,
line-too-long,139e7285ea1ed4ee6f4f5f464e531fad0f2dca62,l33tdaima/l33tdaima,p583m/min_distance.py,False,,0.0,,
line-too-long,042261266f5b901b2b0745fd108c9a92525e9087,mitmproxy/mitmproxy,mitmproxy/utils/strutils.py,False,,1.0,,
line-too-long,a09f66cfc31bc9eb80c61f4c4a59d9c59dd06517,Keeper-Security/Commander,keepercommander/plugins/pspasswd/pspasswd.py,False,,4.0,,
line-too-long,efb51712d92cc98331e76caad1755a22782c994b,frappe/bench,bench/app.py,False,,3.0,,
line-too-long,d10f15e55806c6944827d801cd9c2d53f5da4186,wagtail/wagtail,wagtail/admin/views/pages/usage.py,False,,0.0,,
line-too-long,585a574bc9936e3c0d2b1b20900e772ae3a8c6a5,PyCQA/pylint,pylint/checkers/spelling.py,False,,0.0,,
line-too-long,b3a3c1fdeac6da7e6e2c52889e6be8e1c5886ba2,softlayer/softlayer-python,SoftLayer/fixtures/SoftLayer_Account.py,False,,0.0,,
line-too-long,566e935252a4f5b58c68d89cd7c63c9d87cb6793,rocky/python-xdis,xdis/magics.py,False,,0.0,,
line-too-long,3b1ff469e98ef3313957d29525f41ecc5671ca4c,Catch-up-TV-and-More/plugin.video.catchuptvandmore,resources/lib/channels/ma/snrt.py,False,,0.0,,
line-too-long,0fa5471f078eb9c8da87a9e7e3c95f0dfa4a3097,amccaugh/phidl,docs/gen_API.py,False,,0.0,,
line-too-long,5e6d7df898a971946faf4091f9524de3d6020ca3,OstapHEP/ostap,ostap/utils/source_env.py,False,,0.0,,
line-too-long,2c756d108fc7d5f431d66526072ce125c411998a,radiasoft/sirepo,sirepo/template/code_variable.py,False,,0.0,,
line-too-long,e4e4095f587c7b2e91daad9fc815a78918c82068,catalyst-cooperative/pudl,src/pudl/output/ferc1.py,False,,0.0,,
line-too-long,00aa830f8c2980a676f1e823efdbcb5bcfaba362,nortikin/sverchok,core/socket_data.py,False,,0.0,,
line-too-long,b7241f20d5208d044a4712dfd5173b6a49026b9a,zulip/zulip,zerver/lib/timezone.py,False,,0.0,,
line-too-long,b875daec838d5101f01b57872a0d22c13ed1e6e3,fja05680/pinkfish,examples/180.momentum/strategy.py,False,,0.0,,
line-too-long,c8af0592c08017ee48f69f608ad4a6529ee14292,apache/airflow,airflow/typing_compat.py,False,False,0.0,,
line-too-long,fa421873b03637afef002f24e00cec40e7ef8aaf,dedupeio/dedupe,dedupe/training.py,,,,,
line-too-long,ad87ea65ee434bed3e643cfc78ded2c0ec174dfe,jeremiah-c-leary/vhdl-style-guide,vsg/rules/context/rule_025.py,True,,0.0,,
line-too-long,4ec8c6fd4d0c8ba8a673755006aff362ba4a5de4,nerdvegas/rez,src/rezplugins/shell/cmd.py,False,False,1.0,,
line-too-long,ae6634347b491be3b566987b3c882c8cf7744df7,conan-io/conan,conan/tools/microsoft/subsystems.py,False,,1.0,,
line-too-long,319939e61afdc5a533c9c4c80e5b4d3288be9d98,DemocracyClub/UK-Polling-Stations,polling_stations/apps/data_importers/management/commands/import_rochford.py,False,,0.0,,
line-too-long,230b084a0fab8940e129f50c85ab78f474267e37,helfertool/helfertool,src/statistic/views/nutrition.py,False,,0.0,,
line-too-long,2970b0a182e4832c73b54633c99bbec63b560532,jeremiah-c-leary/vhdl-style-guide,vsg/vhdlFile/classify/interface_signal_declaration.py,False,False,0.0,,
line-too-long,d10f15e55806c6944827d801cd9c2d53f5da4186,wagtail/wagtail,wagtail/contrib/settings/views.py,False,,0.0,,
line-too-long,6850e0fec38a7c5c0e2eccc1f21c913f63857301,StellarCN/py-stellar-base,stellar_sdk/xdr/revoke_sponsorship_result_code.py,False,,0.0,,
line-too-long,c117fa55f6056fc1ac97f55c13c51308545a7ddc,jeremiah-c-leary/vhdl-style-guide,vsg/rules/case/rule_007.py,False,,0.0,,
line-too-long,b3587b52b25077f68116b9852b041d33e7fc6601,mitmproxy/mitmproxy,docs/scripts/api-events.py,False,,0.0,,
line-too-long,ad87ea65ee434bed3e643cfc78ded2c0ec174dfe,jeremiah-c-leary/vhdl-style-guide,vsg/rules/port/rule_007.py,True,,0.0,,
line-too-long,fe2fbbd9b1b7598baf4b86c5696234944ca75a37,spesmilo/electrum,electrum/gui/qt/paytoedit.py,False,,2.0,,
line-too-long,6997b117c9a09fdefa03c92117138c6a8c44751a,hasgeek/funnel,funnel/models/contact_exchange.py,False,,0.0,,
line-too-long,2df6762013ec5d41c27d606224d6c819d018b00d,hail-is/hail,batch/batch/publicly_available_images.py,True,,0.0,,
line-too-long,29d94a22114b02adfd3745c4991a3ce70592dd16,ray-project/ray,doc/source/custom_directives.py,False,,3.0,,
line-too-long,a30cf0fa03d5a7e03142cb26a3d96663e16e1546,CenterForOpenScience/osf.io,osf/models/admin_profile.py,False,,0.0,,
line-too-long,ad87ea65ee434bed3e643cfc78ded2c0ec174dfe,jeremiah-c-leary/vhdl-style-guide,vsg/rules/architecture/rule_014.py,True,,0.0,,
line-too-long,d10f15e55806c6944827d801cd9c2d53f5da4186,wagtail/wagtail,wagtail/images/views/bulk_actions/image_bulk_action.py,False,,0.0,,
line-too-long,494bd9ef78313436f0424b918f200dab8fc7c20b,frappe/erpnext,erpnext/regional/report/vat_audit_report/vat_audit_report.py,False,,0.0,,
line-too-long,eb47e6df3416883df8f07f137494e2f351f7f300,helfertool/helfertool,src/help/migrations/0003_auto_20170326_1736.py,False,,0.0,,
line-too-long,c7c6c40b6f44e0c26201c5d85a1c650f36aec29f,Tuxemon/Tuxemon,run_tuxemon.py,False,,0.0,,
line-too-long,c4a4b6f45af607431c5707d56420bbaf471bbb6e,aaugustin/websockets,src/websockets/legacy/protocol.py,False,,0.0,,
line-too-long,ad87ea65ee434bed3e643cfc78ded2c0ec174dfe,jeremiah-c-leary/vhdl-style-guide,vsg/rules/constant/rule_600.py,True,,0.0,,
line-too-long,6850e0fec38a7c5c0e2eccc1f21c913f63857301,StellarCN/py-stellar-base,stellar_sdk/xdr/change_trust_result_code.py,False,,0.0,,
line-too-long,b5222b381ef97984b7383e222bc6e721260f3c5e,Splawik/pytigon,pytigon/schserw/schsys/templatetags/catch.py,False,,0.0,,
line-too-long,2ee8582a84aa7515dcf94e10d712dec7ba3a4bdb,Tuxemon/Tuxemon,tuxemon/formula.py,False,,0.0,,
line-too-long,b3587b52b25077f68116b9852b041d33e7fc6601,mitmproxy/mitmproxy,mitmproxy/contentviews/image/view.py,False,,0.0,,
line-too-long,d9b0c6fbf7aa5bd9af84264105b39c82028a4a29,FDio/vpp,src/plugins/nat/extras/nat_out2in_1Ms.py,False,,0.0,,
line-too-long,f238e6a7d9e0fcfda3420aad16458d88af8138a2,mozilla/bedrock,bedrock/legal_docs/views.py,False,,0.0,,
line-too-long,2c5a7417ceb7b87162c0146563b3dc39378ba883,castlecms/castle.cms,castle/cms/browser/controlpanel/crawler.py,False,,0.0,,
line-too-long,d3394e54bad6243cfc775af06f991abe38c31e38,zmbc/shakespearelang,shakespearelang/shakespeare.py,False,,0.0,,
line-too-long,c854292d3dc9ef55c6b2adea55ba79189d530624,streamlink/streamlink,src/streamlink/plugins/telefe.py,False,,0.0,,
line-too-long,c203f3bc64b77dccedbc339a2c7805ea5db5cc9d,jeremiah-c-leary/vhdl-style-guide,vsg/rules/architecture/rule_031.py,False,,0.0,,
line-too-long,6850e0fec38a7c5c0e2eccc1f21c913f63857301,StellarCN/py-stellar-base,stellar_sdk/xdr/liquidity_pool_withdraw_result_code.py,False,,0.0,,
line-too-long,794c75cdba2a77e7e0dbdbc1b9a1860b6bcab9c4,bukun/TorCMS,router.py,False,,0.0,,
line-too-long,48eb6a685f43ac18e8bb6184cd689455e6040331,radiasoft/sirepo,sirepo/sim_data/silas.py,False,,0.0,,
line-too-long,6850e0fec38a7c5c0e2eccc1f21c913f63857301,StellarCN/py-stellar-base,stellar_sdk/xdr/ip_addr_type.py,False,,0.0,,
line-too-long,72ef4fdfbadadc00bfcd85e92dcb6380d0fd93ef,datajoint/datajoint-python,datajoint/admin.py,False,,0.0,,
line-too-long,fa4a2a53e8029f35b0194d6f5186478090796607,frappe/erpnext,erpnext/crm/doctype/appointment/appointment.py,,,,,
line-too-long,bb12ebd389864bbba8c2c9e15ab808efae54e660,MozillaSecurity/FuzzManager,server/ec2spotmanager/serializers.py,False,,0.0,,
line-too-long,eb47e6df3416883df8f07f137494e2f351f7f300,helfertool/helfertool,src/corona/migrations/0006_alter_coronasettings_rules.py,False,,0.0,,
line-too-long,d10f15e55806c6944827d801cd9c2d53f5da4186,wagtail/wagtail,wagtail/search/migrations/0002_add_verbose_names.py,False,,0.0,,
line-too-long,0239825b8d128ee15ad5fdb5159e6e52e3f5c8d2,dedupeio/dedupe,dedupe/training.py,,,,,
line-too-long,f55ee1d44fb7e6bc4e597aa2a7b26bde017c4cad,mitmproxy/mitmproxy,mitmproxy/addons/view.py,False,,0.0,,
line-too-long,b48ac1a094e572d6076b46a9e4ed3e0ebe978afc,huggingface/transformers,examples/research_projects/codeparrot/scripts/initialize_model.py,False,,0.0,,
line-too-long,66932ccb641803edbd395f1fee9f79cfbfede996,hasgeek/funnel,funnel/views/helpers.py,False,,0.0,,
line-too-long,ad87ea65ee434bed3e643cfc78ded2c0ec174dfe,jeremiah-c-leary/vhdl-style-guide,vsg/rules/component/rule_006.py,True,,0.0,,
line-too-long,494bd9ef78313436f0424b918f200dab8fc7c20b,frappe/erpnext,erpnext/patches/v11_0/rename_overproduction_percent_field.py,False,,0.0,,
line-too-long,8cc5e04b8a54060de8a707f9a6dd25f1ddd10db5,ECP-CANDLE/Benchmarks,common/darts/api/model.py,False,,0.0,,
line-too-long,b7b141b2c4da57dd372cfe8f0b8b57e132e8bfa8,DemocracyClub/UK-Polling-Stations,polling_stations/apps/data_importers/management/commands/import_bolton.py,False,,0.0,,
line-too-long,e4bf7066f3e1c78de7dfacbe727ba4c277e51cd9,zulip/zulip,zerver/tornado/ioloop_logging.py,False,,0.0,,
line-too-long,cc7c965a52811c20ef68e32d5a6b5722187ef4b8,UrLab/DocHub,catalog/views.py,False,,0.0,,
line-too-long,db7567265216a8714db298c10763f1e2dbe1d703,DemocracyClub/UK-Polling-Stations,polling_stations/apps/data_importers/management/commands/import_newham.py,False,,0.0,,
line-too-long,89c9e747e052957de792eef2127b6574db1aa2be,fabioz/Pydev,plugins/org.python.pydev.core/pysrc/_pydev_bundle/_pydev_calltip_util.py,False,,0.0,,
line-too-long,6850e0fec38a7c5c0e2eccc1f21c913f63857301,StellarCN/py-stellar-base,stellar_sdk/xdr/error_code.py,False,,0.0,,
line-too-long,2fa2f7178d122fa3299b13ed0f2bb93e4fe7d6d5,frappe/erpnext,erpnext/selling/doctype/sms_center/sms_center.py,False,False,0.0,,
line-too-long,6035da992ecdb06c59c93b745122eff19928d0f9,kiwitcms/Kiwi,tcms/settings/common.py,False,,0.0,,
line-too-long,6997b117c9a09fdefa03c92117138c6a8c44751a,hasgeek/funnel,funnel/models/video_mixin.py,False,,0.0,,
line-too-long,6850e0fec38a7c5c0e2eccc1f21c913f63857301,StellarCN/py-stellar-base,stellar_sdk/xdr/scp_statement_type.py,False,,0.0,,
line-too-long,bb12ebd389864bbba8c2c9e15ab808efae54e660,MozillaSecurity/FuzzManager,server/covmanager/migrations/0003_collection_file_optional.py,False,,0.0,,
line-too-long,9e472d57e043a782ba33ee838373c96a736c9a1a,SimpleITK/SimpleITK,Examples/ImageRegistrationMethod4/ImageRegistrationMethod4.py,False,,0.0,,
line-too-long,a8edf0b1c8d522d45053c99e4ccbbb1e13bd7af6,DemocracyClub/UK-Polling-Stations,polling_stations/apps/data_importers/management/commands/import_newham.py,False,,0.0,,
line-too-long,6850e0fec38a7c5c0e2eccc1f21c913f63857301,StellarCN/py-stellar-base,stellar_sdk/xdr/payment_result_code.py,False,,0.0,,
line-too-long,d9b0c6fbf7aa5bd9af84264105b39c82028a4a29,FDio/vpp,src/vpp-api/python/vpp_papi/vpp_stats.py,False,,0.0,,
line-too-long,a84239d6ab2e1b3c7fe459cf0896ca624375ed53,frappe/bench,bench/app.py,False,,0.0,,
line-too-long,32954c3bcb36ce751799adedf4dc09a020bb0cfb,explosion/spaCy,spacy/ml/models/entity_linker.py,True,,0.0,,
line-too-long,0b1a9e804fc9e2353096b485ac08656fbec3cc7b,cobbler/cobbler,cobbler/settings/migrations/V2_8_5.py,False,,0.0,,
line-too-long,494bd9ef78313436f0424b918f200dab8fc7c20b,frappe/erpnext,erpnext/buying/report/subcontracted_item_to_be_received/subcontracted_item_to_be_received.py,False,,0.0,,
line-too-long,54d3f462797695c8dd901595bd3a8fd00e345d94,oppia/oppia,core/domain/feedback_domain.py,False,,0.0,,
line-too-long,b3f15d0bf840ad61175dbe5a858c88f821b7984f,osm-fr/osmose-frontend,osmose.py,False,,0.0,,
line-too-long,6850e0fec38a7c5c0e2eccc1f21c913f63857301,StellarCN/py-stellar-base,stellar_sdk/xdr/claimable_balance_flags.py,False,,0.0,,
line-too-long,51f4ae23c75dfac83d8d22a6a197a94f126a92d2,fabioz/PyDev.Debugger,_pydev_bundle/_pydev_calltip_util.py,False,,0.0,,
line-too-long,5abe77f02b459e7ce02b9485631a872b0e2d0bed,tensorflow/federated,tensorflow_federated/python/core/backends/mapreduce/form_utils.py,False,,0.0,,
line-too-long,64f9f86757da3cc5bd67b975e561f5a98d46a4bb,hail-is/hail,hail/python/hail/backend/backend.py,False,,0.0,,
line-too-long,03576cc6f0f963d436e22e60dc4380fc24a92ab5,ganga-devs/ganga,ganga/GangaCore/GPIDev/Lib/JobTree/JobTree.py,False,,0.0,,
line-too-long,6850e0fec38a7c5c0e2eccc1f21c913f63857301,StellarCN/py-stellar-base,stellar_sdk/xdr/claimant_type.py,False,,0.0,,
line-too-long,d10f15e55806c6944827d801cd9c2d53f5da4186,wagtail/wagtail,wagtail/documents/views/bulk_actions/document_bulk_action.py,False,,0.0,,
line-too-long,d8d0647bfff38a2c03815b72362ffc82ca9c3d87,rocky/python-xdis,xdis/magics.py,False,,1.0,,
line-too-long,8cc5e04b8a54060de8a707f9a6dd25f1ddd10db5,ECP-CANDLE/Benchmarks,Pilot3/P3B3/p3b3_baseline_keras2.py,False,,0.0,,
line-too-long,a869b53e7ef723246c6f3e9ea443e9e076f1665c,Azure/azure-sdk-for-python,sdk/keyvault/azure-keyvault-secrets/azure/keyvault/secrets/_shared/client_base.py,False,,0.0,,
line-too-long,87cbecfb2c22eb4ef23e7e503cc8598cc36c7488,jggatc/pyj2d,pyj2d/display.py,False,,0.0,,
line-too-long,335f056d1c0da6b191bf0d05f1b26c04c8559d0a,googlefonts/nanoemoji,src/nanoemoji/write_font.py,False,,0.0,,
line-too-long,367af5fa887e70764c1d40efef1cfe26abc83872,veltzer/demos-linux,config/deps.py,False,,0.0,,
line-too-long,2ee8582a84aa7515dcf94e10d712dec7ba3a4bdb,Tuxemon/Tuxemon,tuxemon/ui/text.py,False,,0.0,,
line-too-long,494bd9ef78313436f0424b918f200dab8fc7c20b,frappe/erpnext,erpnext/patches/v12_0/replace_accounting_with_accounts_in_home_settings.py,False,,0.0,,
line-too-long,74997c026d3a27c61d4b57594335eb237abb2728,nextstrain/augur,docs/conf.py,True,,0.0,,
line-too-long,ad87ea65ee434bed3e643cfc78ded2c0ec174dfe,jeremiah-c-leary/vhdl-style-guide,vsg/rules/constant/rule_002.py,True,,0.0,,
line-too-long,931a5ff16af7adb35e8c6d3cae506dd9c380a58a,facelessuser/ColorHelper,lib/coloraide/compositing/blend_modes.py,False,,41.0,,
line-too-long,19ca7d290f2e6486dfba77d510702545f4318389,astropy/astropy,astropy/units/physical.py,False,,0.0,,
line-too-long,e13f3dc20e0af40a708a533c619930544a7a9601,ROCmSoftwarePlatform/rocFFT,scripts/perf/perflib/utils.py,False,,0.0,,
line-too-long,494bd9ef78313436f0424b918f200dab8fc7c20b,frappe/erpnext,erpnext/crm/report/lost_opportunity/lost_opportunity.py,False,,0.0,,
line-too-long,494bd9ef78313436f0424b918f200dab8fc7c20b,frappe/erpnext,erpnext/patches/v13_0/create_uae_pos_invoice_fields.py,False,,0.0,,
line-too-long,5e3c51e593651f0add822a64c7224ef5e476c4da,mozman/ezdxf,src/ezdxf/math/_construct.py,False,,0.0,,
line-too-long,9988b8356bacf9df0d0d865baafab8a6cb8bb160,frappe/bench,bench/app.py,False,,2.0,,
line-too-long,6850e0fec38a7c5c0e2eccc1f21c913f63857301,StellarCN/py-stellar-base,stellar_sdk/xdr/manage_offer_effect.py,False,,0.0,,
line-too-long,5075b0825ba34972f87ca7b1f576a7eff37a4117,isard-vdi/isard,api/src/api/views/MediaViews.py,False,,0.0,,
line-too-long,ad87ea65ee434bed3e643cfc78ded2c0ec174dfe,jeremiah-c-leary/vhdl-style-guide,vsg/rules/package/rule_011.py,True,,0.0,,
line-too-long,b3587b52b25077f68116b9852b041d33e7fc6601,mitmproxy/mitmproxy,mitmproxy/contentviews/javascript.py,False,,0.0,,
line-too-long,f166333b3eb56a9ebe35034018a4e145dd476239,ccxt/ccxt,examples/py/kraken-fetch-my-trades-pagination.py,False,,0.0,,
line-too-long,341e3868b745b50208100fa452dfaf499f9c2271,jggatc/pyj2d,pyj2d/mouse.py,False,False,0.0,,
line-too-long,60f0941a80519ff9106ec1b4dcffcbc7e23139e5,joke2k/faker,faker/factory.py,False,,0.0,,
line-too-long,494bd9ef78313436f0424b918f200dab8fc7c20b,frappe/erpnext,erpnext/templates/pages/task_info.py,False,,0.0,,
line-too-long,c203f3bc64b77dccedbc339a2c7805ea5db5cc9d,jeremiah-c-leary/vhdl-style-guide,vsg/rules/component/rule_011.py,False,,0.0,,
line-too-long,494bd9ef78313436f0424b918f200dab8fc7c20b,frappe/erpnext,erpnext/stock/valuation.py,False,,0.0,,
line-too-long,bacf3aada5f73c289aa37113f2776ac3340995d4,reclosedev/requests-cache,requests_cache/backends/redis.py,False,,0.0,,
line-too-long,ad87ea65ee434bed3e643cfc78ded2c0ec174dfe,jeremiah-c-leary/vhdl-style-guide,vsg/rules/architecture/rule_013.py,True,,0.0,,
line-too-long,494bd9ef78313436f0424b918f200dab8fc7c20b,frappe/erpnext,erpnext/patches/v13_0/update_subscription_status_in_memberships.py,False,,0.0,,
line-too-long,f19fe92b4826a1dc20e25d22aa6c9b4363902276,Flexget/Flexget,flexget/components/status/db.py,False,,0.0,,
line-too-long,6997b117c9a09fdefa03c92117138c6a8c44751a,hasgeek/funnel,funnel/views/video.py,False,,0.0,,
line-too-long,494bd9ef78313436f0424b918f200dab8fc7c20b,frappe/erpnext,erpnext/selling/report/sales_partner_target_variance_based_on_item_group/item_group_wise_sales_target_variance.py,False,,0.0,,
line-too-long,bb12ebd389864bbba8c2c9e15ab808efae54e660,MozillaSecurity/FuzzManager,server/taskmanager/migrations/0002_allow_unknown_task_status_and_run_time_calculation.py,False,,0.0,,
line-too-long,5ae26263b43d999d9ad041f3b58f99a78f6035cc,conan-io/conan,conan/tools/cmake/cmake.py,False,,0.0,,
line-too-long,494bd9ef78313436f0424b918f200dab8fc7c20b,frappe/erpnext,erpnext/patches/v12_0/rename_pos_closing_doctype.py,False,,0.0,,
line-too-long,ad97f6cccce8e848ca2a83751fe10d08dfe93e97,blakeohare/crayon,Scripts/syncU3.py,False,,1.0,,
line-too-long,ad87ea65ee434bed3e643cfc78ded2c0ec174dfe,jeremiah-c-leary/vhdl-style-guide,vsg/rules/port/rule_009.py,True,,0.0,,
line-too-long,c841c38095bfb984870bd0fd87185431c3ae7c5b,rhinstaller/anaconda,pyanaconda/modules/storage/bootloader/base.py,False,,0.0,,
line-too-long,d10f15e55806c6944827d801cd9c2d53f5da4186,wagtail/wagtail,docs/conf.py,False,,0.0,,
line-too-long,5e1ca6eb7afe06ccc1a17cf2c7f5cec495a9a391,Catch-up-TV-and-More/plugin.video.catchuptvandmore,resources/lib/channels/wo/nhkworld.py,False,False,0.0,,
line-too-long,8e30578195b8d9d3c5586fe696fdc044b4632bec,catalyst-cooperative/pudl,src/pudl/output/ferc1.py,False,,0.0,,
line-too-long,494bd9ef78313436f0424b918f200dab8fc7c20b,frappe/erpnext,erpnext/accounts/custom/address.py,False,,0.0,,
line-too-long,ad87ea65ee434bed3e643cfc78ded2c0ec174dfe,jeremiah-c-leary/vhdl-style-guide,vsg/rules/function/rule_014.py,True,,0.0,,
line-too-long,d10f15e55806c6944827d801cd9c2d53f5da4186,wagtail/wagtail,wagtail/admin/forms/view_restrictions.py,False,,0.0,,
line-too-long,a820c8a30f36c3a6dfe40245047e2c789de75711,jeremiah-c-leary/vhdl-style-guide,vsg/rules/procedure/rule_200.py,True,,0.0,,
line-too-long,6820bbc266e7875bf76e015feb0533cebe95ebf0,jeremiah-c-leary/vhdl-style-guide,vsg/rules/instantiation/rule_009.py,False,,0.0,,
line-too-long,c203f3bc64b77dccedbc339a2c7805ea5db5cc9d,jeremiah-c-leary/vhdl-style-guide,vsg/rules/component/rule_007.py,False,,0.0,,
line-too-long,ad87ea65ee434bed3e643cfc78ded2c0ec174dfe,jeremiah-c-leary/vhdl-style-guide,vsg/rules/case/rule_018.py,True,,0.0,,
line-too-long,a882a3d7b4a798209a86eda61f1c7d291ad95465,oceanobservatories/mi-instrument,mi/dataset/driver/dofst_k/wfp/coastal_dofst_k_wfp_recovered_driver.py,False,,0.0,,
line-too-long,ad87ea65ee434bed3e643cfc78ded2c0ec174dfe,jeremiah-c-leary/vhdl-style-guide,vsg/rules/procedure/rule_009.py,True,,0.0,,
line-too-long,6850e0fec38a7c5c0e2eccc1f21c913f63857301,StellarCN/py-stellar-base,stellar_sdk/xdr/create_claimable_balance_result_code.py,False,,0.0,,
line-too-long,714394b54dfc39e439dd83ef977b5dc85650ae06,google/atheris,src/instrument_bytecode.py,False,,1.0,,
line-too-long,eb47e6df3416883df8f07f137494e2f351f7f300,helfertool/helfertool,src/registration/migrations/0003_auto_20160323_1539.py,False,,0.0,,
line-too-long,d10f15e55806c6944827d801cd9c2d53f5da4186,wagtail/wagtail,wagtail/admin/urls/password_reset.py,False,,0.0,,
line-too-long,ad87ea65ee434bed3e643cfc78ded2c0ec174dfe,jeremiah-c-leary/vhdl-style-guide,vsg/rules/architecture/rule_020.py,True,,0.0,,
line-too-long,07b120ea131e9486608a0fd2093924a68f6bcba5,gkunter/coquery,coquery/connections.py,False,False,24.0,,
line-too-long,d099eb1f682293f8a2570fef0c14fc1534f4a625,astrobin/astrobin,astrobin_apps_images/api/permissions/has_uncompressed_source_uploader_access_or_read_only.py,False,,0.0,,
line-too-long,0955db2488b8957bf3d85b1f02c775e40ffd84ec,mozman/ezdxf,src/ezdxf/addons/odafc.py,False,,0.0,,
line-too-long,397e685577bf97c57a169bd02a0709edf67cf57e,pantsbuild/pants,src/python/pants/build_graph/address.py,False,,0.0,,
line-too-long,d10f15e55806c6944827d801cd9c2d53f5da4186,wagtail/wagtail,wagtail/search/queryset.py,False,,0.0,,
line-too-long,a0589d90c2f2e8b761ba54bae83d554ab10316a5,arviz-devs/arviz,doc/source/conf.py,False,,0.0,,
line-too-long,48eb6a685f43ac18e8bb6184cd689455e6040331,radiasoft/sirepo,sirepo/template/zgoubi_parser.py,False,,0.0,,
line-too-long,d099eb1f682293f8a2570fef0c14fc1534f4a625,astrobin/astrobin,astrobin_apps_groups/utils.py,False,,0.0,,
line-too-long,e261ac74a7ad90ba1caef8e069ba2176ca92206f,vslavik/poedit,scripts/extract-plural-forms.py,False,,0.0,,
line-too-long,d10f15e55806c6944827d801cd9c2d53f5da4186,wagtail/wagtail,wagtail/admin/views/pages/convert_alias.py,False,,0.0,,
line-too-long,48e232cba6b5ec8d8e0e1735f298256d894c2653,astropy/astropy,astropy/utils/iers/iers.py,,,,,
line-too-long,cb6fb8f366fa457395d1d2e5f6acd451440c6fee,idaholab/raven,doc/user_manual/generated/generateRomDoc.py,False,,0.0,,
line-too-long,ad87ea65ee434bed3e643cfc78ded2c0ec174dfe,jeremiah-c-leary/vhdl-style-guide,vsg/rules/if_statement/rule_034.py,True,,0.0,,
line-too-long,c52459c3da20be9b6e2d9ed9067852d7d30c15d5,abrt/retrace-server,src/retrace/stats.py,False,,0.0,,
line-too-long,6850e0fec38a7c5c0e2eccc1f21c913f63857301,StellarCN/py-stellar-base,stellar_sdk/xdr/account_flags.py,False,,0.0,,
line-too-long,d10f15e55806c6944827d801cd9c2d53f5da4186,wagtail/wagtail,wagtail/admin/views/pages/preview.py,False,,0.0,,
line-too-long,a383a34f1a6f53cd72bdd4fe067aca1cadda9030,GoogleCloudPlatform/declarative-resource-client-library,python/services/recaptchaenterprise/alpha/key.py,False,,0.0,,
line-too-long,e6ac301771fcb40ba82de46ebe3f36c920d15864,the-blue-alliance/the-blue-alliance,old_py2/api/apiv3_main.py,False,,0.0,,
line-too-long,494bd9ef78313436f0424b918f200dab8fc7c20b,frappe/erpnext,erpnext/accounts/doctype/party_link/party_link.py,False,,0.0,,
line-too-long,70db7df26a01b0fa3e21651024f3cf697f8db494,ECP-CANDLE/Benchmarks,common/darts/modules/network.py,False,False,0.0,,
line-too-long,5fe14ec663c5b917c2ff8bdc16a73137c1b040de,respawner/peering-manager,utils/views.py,False,,0.0,,
line-too-long,a9e746ab1596ca14fb5ccf923b66835138588d23,auth0/auth0-python,docs/source/conf.py,False,,0.0,,
line-too-long,dc61adf9d85f9bf92c573abf8d02ff9a5299852e,kovidgoyal/kitty,logo/make.py,True,,0.0,,
line-too-long,48eb6a685f43ac18e8bb6184cd689455e6040331,radiasoft/sirepo,sirepo/uri_router.py,False,,0.0,,
line-too-long,6948479138e6f10cfc9309b5eb483b18f0fc0075,jeremiah-c-leary/vhdl-style-guide,vsg/rules/context/rule_025.py,False,,0.0,,
line-too-long,3882a56300d2794656dbd9cae171e6e48bb9fd70,astropy/astropy,astropy/utils/iers/iers.py,,,,,
line-too-long,4325ea793f5c1fcd35709b8576574ef7b63c7589,respawner/peering-manager,utils/views.py,False,,4.0,,
line-too-long,494bd9ef78313436f0424b918f200dab8fc7c20b,frappe/erpnext,erpnext/domains/manufacturing.py,False,,0.0,,
line-too-long,3e3658abde74c2bb5adcb514a0e6c25fb9f33c75,OpenBfS/dokpool-plone,Plone/src/docpool.localbehavior/docpool/localbehavior/adapter.py,,,,,
line-too-long,b48ceb697fc4cf9a79aba39b50b274d289161df3,dwavesystems/dimod,dimod/reference/composites/fixedvariable.py,False,,0.0,,
line-too-long,8cc5e04b8a54060de8a707f9a6dd25f1ddd10db5,ECP-CANDLE/Benchmarks,common/darts/modules/network.py,False,,0.0,,
line-too-long,b875daec838d5101f01b57872a0d22c13ed1e6e3,fja05680/pinkfish,examples/170.follow-trend/strategy.py,False,,0.0,,
line-too-long,c203f3bc64b77dccedbc339a2c7805ea5db5cc9d,jeremiah-c-leary/vhdl-style-guide,vsg/rules/port/rule_020.py,False,,0.0,,
line-too-long,494bd9ef78313436f0424b918f200dab8fc7c20b,frappe/erpnext,erpnext/patches/v11_1/set_default_action_for_quality_inspection.py,False,,0.0,,
line-too-long,341e3868b745b50208100fa452dfaf499f9c2271,jggatc/pyj2d,pyj2d/mask.py,False,False,0.0,,
line-too-long,9b67e9fd99d9fdc2e947fe4c758fff5b51d1d9b3,dwavesystems/dimod,dimod/reference/composites/fixedvariable.py,False,,0.0,,
line-too-long,ad87ea65ee434bed3e643cfc78ded2c0ec174dfe,jeremiah-c-leary/vhdl-style-guide,vsg/rules/variable/rule_002.py,True,,0.0,,
line-too-long,bd5d18ebeecfb60a793b7bcccaad0646acc16bba,diofant/diofant,diofant/polys/groebnertools.py,False,,0.0,,
line-too-long,f88fccdb0b7a3343f6855cda0858dc236152c520,pastebt/dwm,book.py,False,False,0.0,,
line-too-long,ad87ea65ee434bed3e643cfc78ded2c0ec174dfe,jeremiah-c-leary/vhdl-style-guide,vsg/rules/report_statement/rule_500.py,True,,0.0,,
line-too-long,8cc5e04b8a54060de8a707f9a6dd25f1ddd10db5,ECP-CANDLE/Benchmarks,common/generic_utils.py,False,,0.0,,
line-too-long,67c9a2063152125db8835717292a399fd94d8d0c,mrachinskiy/jewelcraft,op_design_report/report_warn.py,False,,0.0,,
line-too-long,feff1d0411875c70e6c9ee5729af10cd7f7cbef2,zulip/zulip,tools/lib/provision_inner.py,False,,0.0,,
line-too-long,9e472d57e043a782ba33ee838373c96a736c9a1a,SimpleITK/SimpleITK,Examples/ImageRegistrationMethod2/ImageRegistrationMethod2.py,False,,0.0,,
line-too-long,9b26d7f04c41770d32b9a073873171772215dc60,hasgeek/funnel,funnel/views/helpers.py,False,,1.0,,
line-too-long,c203f3bc64b77dccedbc339a2c7805ea5db5cc9d,jeremiah-c-leary/vhdl-style-guide,vsg/rules/package_body/rule_100.py,False,,0.0,,
line-too-long,2851dfad9974c9a49feee8f05a4adb6971c5cceb,frappe/erpnext,erpnext/stock/doctype/item_variant_settings/item_variant_settings.py,False,,0.0,,
line-too-long,6850e0fec38a7c5c0e2eccc1f21c913f63857301,StellarCN/py-stellar-base,stellar_sdk/xdr/path_payment_strict_send_result_code.py,False,,0.0,,
line-too-long,ad87ea65ee434bed3e643cfc78ded2c0ec174dfe,jeremiah-c-leary/vhdl-style-guide,vsg/rules/process/rule_005.py,True,,0.0,,
line-too-long,6850e0fec38a7c5c0e2eccc1f21c913f63857301,StellarCN/py-stellar-base,stellar_sdk/xdr/account_merge_result_code.py,False,,0.0,,
line-too-long,c203f3bc64b77dccedbc339a2c7805ea5db5cc9d,jeremiah-c-leary/vhdl-style-guide,vsg/rules/context/rule_017.py,False,,0.0,,
line-too-long,aac1020db7932c1a523e3f3b2758085c171b9626,UrLab/DocHub,catalog/models.py,False,False,0.0,,
line-too-long,6850e0fec38a7c5c0e2eccc1f21c913f63857301,StellarCN/py-stellar-base,stellar_sdk/xdr/claim_claimable_balance_result_code.py,False,,0.0,,
line-too-long,494bd9ef78313436f0424b918f200dab8fc7c20b,frappe/erpnext,erpnext/patches/v14_0/rearrange_company_fields.py,False,,0.0,,
line-too-long,4ecfc9613b199b12773d339f396ca64c5c80b0b0,openego/eDisGo,edisgo/tools/geo.py,False,,0.0,,
line-too-long,fa39c24f29fb7b08a5599332b612a1c1959f83b4,ligo-cbc/pycbc,pycbc/workflow/minifollowups.py,,,,,
line-too-long,bb12ebd389864bbba8c2c9e15ab808efae54e660,MozillaSecurity/FuzzManager,server/crashmanager/Bugtracker/BugzillaREST.py,False,,0.0,,
line-too-long,d10f15e55806c6944827d801cd9c2d53f5da4186,wagtail/wagtail,wagtail/snippets/models.py,False,,0.0,,
line-too-long,83f4780f749f83c155f2610ce6c0180d8427e122,frappe/erpnext,erpnext/buying/doctype/supplier/supplier.py,False,,0.0,,
line-too-long,d9b0c6fbf7aa5bd9af84264105b39c82028a4a29,FDio/vpp,src/plugins/nat/extras/nat_out2in_10Ms.py,False,,0.0,,
line-too-long,8935778823afcd007ed480ef1e089e6519404690,tensorflow/tfx,tfx/types/channel.py,False,,20.0,,
line-too-long,bb12ebd389864bbba8c2c9e15ab808efae54e660,MozillaSecurity/FuzzManager,misc/ec2prices/simulations/choose_once.py,False,,0.0,,
line-too-long,6720dd10ba06bd20f7806eb7ac35564c75433cdb,googleapis/python-aiplatform,google/cloud/aiplatform_v1beta1/types/hyperparameter_tuning_job.py,False,,0.0,,
line-too-long,b3587b52b25077f68116b9852b041d33e7fc6601,mitmproxy/mitmproxy,mitmproxy/utils/sliding_window.py,False,,0.0,,
line-too-long,a820c8a30f36c3a6dfe40245047e2c789de75711,jeremiah-c-leary/vhdl-style-guide,vsg/rules/if_statement/rule_031.py,True,,0.0,,
line-too-long,442edec76a27f7d76f01c89de7327c35cbb898d7,dedupeio/dedupe,dedupe/backport.py,False,,0.0,,
line-too-long,6850e0fec38a7c5c0e2eccc1f21c913f63857301,StellarCN/py-stellar-base,stellar_sdk/xdr/survey_message_command_type.py,False,,0.0,,
line-too-long,ad87ea65ee434bed3e643cfc78ded2c0ec174dfe,jeremiah-c-leary/vhdl-style-guide,vsg/rules/process/rule_600.py,True,,0.0,,
line-too-long,6850e0fec38a7c5c0e2eccc1f21c913f63857301,StellarCN/py-stellar-base,stellar_sdk/xdr/create_account_result_code.py,False,,0.0,,
line-too-long,ca5a381f2d7bc8382fea9bbe0b17f9e9ddd5adc2,hyperspy/hyperspy,hyperspy/misc/utils.py,False,,0.0,,
line-too-long,9410b47144a4c78397701398e2c8f15ce2ebdc40,janeczku/calibre-web,cps.py,False,,0.0,,
line-too-long,d10f15e55806c6944827d801cd9c2d53f5da4186,wagtail/wagtail,wagtail/documents/admin.py,False,,0.0,,
line-too-long,00968e14f2c3801afb2df54b6baf185f0eb068b6,ganga-devs/ganga,ganga/GangaLHCb/Lib/Applications/Ostap.py,False,,0.0,,
line-too-long,d9b0c6fbf7aa5bd9af84264105b39c82028a4a29,FDio/vpp,src/plugins/nat/extras/nat_out2in_100ks.py,False,,0.0,,
line-too-long,1602a980f2db03b69c34c8b002c78cf0de30af48,all-of-us/raw-data-repository,rdr_service/genomic/genomic_state_handler.py,False,,0.0,,
line-too-long,58c2d73b4ea63a5ebd6e6916a9e6695a8431d0b2,hasgeek/funnel,funnel/views/helpers.py,False,,7.0,,
line-too-long,c203f3bc64b77dccedbc339a2c7805ea5db5cc9d,jeremiah-c-leary/vhdl-style-guide,vsg/rules/architecture/rule_012.py,False,,0.0,,
line-too-long,c324af35e1badb2bc2eb8b4fdac0041e84b78e88,PAHFIT/pypahfit,pahfit/scripts/run_pahfit.py,,,,,
line-too-long,405e533ff3841dc12c41a8ed64ea6ece301cb36f,Akuli/porcupine,scripts/build-exe-installer.py,False,,0.0,,
line-too-long,eb47e6df3416883df8f07f137494e2f351f7f300,helfertool/helfertool,src/registration/migrations/0002_event_date.py,False,,0.0,,
line-too-long,0ceb22f93fa916db653b0030efa962c4f9626b81,Azure/azure-sdk-for-python,sdk/keyvault/azure-keyvault-secrets/azure/keyvault/secrets/_shared/client_base.py,False,,5.0,,
line-too-long,e21e59614f79e5484fe78a6b82caf87eca015428,frappe/erpnext,erpnext/patches/v10_0/item_barcode_childtable_migrate.py,False,False,1.0,,
line-too-long,855604e79a274afb7e57eb70a833f2477866e288,ckan/ckanext-showcase,ckanext/showcase/utils.py,False,,0.0,,
line-too-long,cefd6c9db6fa919e031a1d642daa282bc6d1c8d8,astropy/astropy,astropy/modeling/physical_models.py,False,,0.0,,
line-too-long,0ceb22f93fa916db653b0030efa962c4f9626b81,Azure/azure-sdk-for-python,sdk/keyvault/azure-keyvault-certificates/azure/keyvault/certificates/_shared/client_base.py,,,,,
line-too-long,ad87ea65ee434bed3e643cfc78ded2c0ec174dfe,jeremiah-c-leary/vhdl-style-guide,vsg/rules/if_statement/rule_027.py,True,,0.0,,
line-too-long,9e472d57e043a782ba33ee838373c96a736c9a1a,SimpleITK/SimpleITK,Examples/ImageRegistrationMethod1/ImageRegistrationMethod1.py,False,,0.0,,
line-too-long,d10f15e55806c6944827d801cd9c2d53f5da4186,wagtail/wagtail,wagtail/search/query.py,False,,0.0,,
line-too-long,494bd9ef78313436f0424b918f200dab8fc7c20b,frappe/erpnext,erpnext/patches/v13_0/update_returned_qty_in_pr_dn.py,False,,0.0,,
line-too-long,6850e0fec38a7c5c0e2eccc1f21c913f63857301,StellarCN/py-stellar-base,stellar_sdk/xdr/end_sponsoring_future_reserves_result_code.py,False,,0.0,,
line-too-long,10509ef5a2d3653804c3d77a4d68115d15b3b4cb,openego/eDisGo,edisgo/tools/tools.py,False,,0.0,,
line-too-long,d10f15e55806c6944827d801cd9c2d53f5da4186,wagtail/wagtail,wagtail/sites/forms.py,False,,0.0,,
line-too-long,721460a7c4a6a7aa71c99f6fb5c28cc8e4a88f40,amccaugh/phidl,phidl/font.py,False,,0.0,,
line-too-long,a820c8a30f36c3a6dfe40245047e2c789de75711,jeremiah-c-leary/vhdl-style-guide,vsg/rules/package_body/rule_200.py,True,,0.0,,
line-too-long,6850e0fec38a7c5c0e2eccc1f21c913f63857301,StellarCN/py-stellar-base,stellar_sdk/xdr/asset_type.py,False,,0.0,,
line-too-long,165213ca5c39e822379abb92b5c4f0df8769535b,rocky/python3-trepan,trepan/processor/parse/semantics.py,False,,0.0,,
line-too-long,ad87ea65ee434bed3e643cfc78ded2c0ec174dfe,jeremiah-c-leary/vhdl-style-guide,vsg/rules/procedure/rule_505.py,True,,0.0,,
line-too-long,e3f2d81a35a3047e4b1b1622a51a31735456ba36,kivy/python-for-android,pythonforandroid/archs.py,False,,0.0,,
line-too-long,e05069ac9f7b12f6f1534af278e4b196ad4775ea,genialis/resolwe-bio,resolwe_bio/processes/import_data/metadata.py,False,,6.0,,
line-too-long,ad87ea65ee434bed3e643cfc78ded2c0ec174dfe,jeremiah-c-leary/vhdl-style-guide,vsg/rules/block/rule_500.py,True,,0.0,,
line-too-long,3dd48d9464765d44a97e9c3fe9fd58bf76f1c57d,jeremiah-c-leary/vhdl-style-guide,vsg/rules/for_loop/rule_003.py,False,,0.0,,
line-too-long,c117fa55f6056fc1ac97f55c13c51308545a7ddc,jeremiah-c-leary/vhdl-style-guide,vsg/rules/component/rule_003.py,False,,0.0,,
line-too-long,e8b491aed5dacac50aac22884291eca7d5978514,MarxMustermann/OfMiceAndMechs,src/itemFolder/industry/scrapCompactor.py,False,,0.0,,
line-too-long,10509ef5a2d3653804c3d77a4d68115d15b3b4cb,openego/eDisGo,edisgo/tools/plots.py,False,,0.0,,
line-too-long,758a5bf0d9beda2ba618b126a45a6656970efaf5,osm-fr/osmose-frontend,osmose.py,False,,4.0,,
line-too-long,ad2fa3bf4298a62df3a6d1e49971424005a4f906,rackerlabs/django-DefectDojo,dojo/tools/aws_prowler/parser.py,False,,0.0,,
line-too-long,9e472d57e043a782ba33ee838373c96a736c9a1a,SimpleITK/SimpleITK,Examples/ImageRegistrationMethodExhaustive/ImageRegistrationMethodExhaustive.py,False,,0.0,,
line-too-long,8cc5e04b8a54060de8a707f9a6dd25f1ddd10db5,ECP-CANDLE/Benchmarks,Pilot1/Uno/unoUQ_data.py,False,,0.0,,
line-too-long,5fe6fa4e59f4e0c966324ff197c3dde8e3805434,hyperspy/hyperspy,hyperspy/misc/utils.py,False,,2.0,,
line-too-long,eb47e6df3416883df8f07f137494e2f351f7f300,helfertool/helfertool,src/registration/migrations/0043_auto_20200409_1711.py,False,,0.0,,
line-too-long,746fcf5fc8ec939094fb4f50939e15eddd7428df,dpressel/baseline,mead/api_examples/lm_text.py,False,,0.0,,
line-too-long,8cc5e04b8a54060de8a707f9a6dd25f1ddd10db5,ECP-CANDLE/Benchmarks,examples/unet/unet_candle.py,False,,0.0,,
line-too-long,460ef47e8f76c1d1bae35ce45fbd05ac60dc347e,UrLab/DocHub,catalog/models.py,False,,0.0,,
line-too-long,ad87ea65ee434bed3e643cfc78ded2c0ec174dfe,jeremiah-c-leary/vhdl-style-guide,vsg/rules/process/rule_017.py,True,,0.0,,
line-too-long,d9b0c6fbf7aa5bd9af84264105b39c82028a4a29,FDio/vpp,src/plugins/nat/extras/nat_100ks.py,False,,0.0,,
line-too-long,ad87ea65ee434bed3e643cfc78ded2c0ec174dfe,jeremiah-c-leary/vhdl-style-guide,vsg/rules/architecture/rule_200.py,True,,0.0,,
line-too-long,d10f15e55806c6944827d801cd9c2d53f5da4186,wagtail/wagtail,wagtail/contrib/simple_translation/migrations/0001_initial.py,False,,0.0,,
line-too-long,b3587b52b25077f68116b9852b041d33e7fc6601,mitmproxy/mitmproxy,mitmproxy/contentviews/graphql.py,False,,0.0,,
line-too-long,494bd9ef78313436f0424b918f200dab8fc7c20b,frappe/erpnext,erpnext/manufacturing/report/exponential_smoothing_forecasting/exponential_smoothing_forecasting.py,False,,0.0,,
line-too-long,ad87ea65ee434bed3e643cfc78ded2c0ec174dfe,jeremiah-c-leary/vhdl-style-guide,vsg/rules/attribute_specification/rule_500.py,True,,0.0,,
line-too-long,73a395fd457d5f56463f4f72e5b65919db3f1f96,facebookresearch/ParlAI,parlai/torchscript/modules.py,False,,5.0,,
line-too-long,620c13ad2051a1e13a5029203f1e33f31e1e4700,jeremiah-c-leary/vhdl-style-guide,vsg/rules/component/rule_006.py,False,,1.0,,
line-too-long,eb47e6df3416883df8f07f137494e2f351f7f300,helfertool/helfertool,src/registration/migrations/0015_auto_20161111_1324.py,False,,0.0,,
line-too-long,3b408f23f50889c7d1c6fee9329c76b739b9f667,MIT-LCP/wfdb-python,wfdb/processing/evaluate.py,False,,0.0,,
line-too-long,4f5ae35725d4be267766b2095fd4c797e8a863f2,conan-io/conan,conan/tools/cmake/cmake.py,False,,0.0,,
line-too-long,1b8028aa63712c8bb58e5cb6b7dd029cf1ac08f9,conan-io/conan,conan/tools/cmake/cmake.py,False,,0.0,,
line-too-long,ff633b21f5d223077a7a6a618ff146c059b61f9f,marshmallow-code/marshmallow,src/marshmallow/fields.py,False,,0.0,,
line-too-long,1d5c80b16188c587427d663c3bec57e9c196dd1b,matrix-org/synapse,synapse/rest/client/receipts.py,False,,0.0,,
line-too-long,ad87ea65ee434bed3e643cfc78ded2c0ec174dfe,jeremiah-c-leary/vhdl-style-guide,vsg/rules/type_definition/rule_002.py,True,,0.0,,
line-too-long,a95bd0487335334a5da2850a543e404412d6ed0a,jeremiah-c-leary/vhdl-style-guide,vsg/rules/entity/rule_007.py,False,,0.0,,
line-too-long,e998977e05ddc6937de9ee6f8229c3661b219614,pekrau/Publications,publications/uimodules.py,False,,0.0,,
line-too-long,aeb4b754377605ecbd4f5e9b9ae52386af4a9c8a,pauliacomi/pyGAPS,src/pygaps/parsing/aif.py,False,,2.0,,
line-too-long,ad87ea65ee434bed3e643cfc78ded2c0ec174dfe,jeremiah-c-leary/vhdl-style-guide,vsg/rules/package/rule_017.py,True,,0.0,,
line-too-long,87e923a7dfb7e9c2fcbec8297afd915e2641266c,pydoit/doit,doit/cmdparse.py,False,,0.0,,
line-too-long,e8600c5be21cab8c6d052018086bc683f4f5499a,ligo-cbc/pycbc,pycbc/workflow/minifollowups.py,False,,0.0,,
line-too-long,ad87ea65ee434bed3e643cfc78ded2c0ec174dfe,jeremiah-c-leary/vhdl-style-guide,vsg/rules/if_statement/rule_026.py,True,,0.0,,
line-too-long,4d8219b3d2392d7f69695969b81b1851b60e9090,hazelcast/hazelcast-python-client,hazelcast/util.py,False,,0.0,,
line-too-long,ad87ea65ee434bed3e643cfc78ded2c0ec174dfe,jeremiah-c-leary/vhdl-style-guide,vsg/rules/case/rule_010.py,True,,0.0,,
line-too-long,46acb608b1fd91602058b96f01a9f478aad2fbec,zulip/zulip,zerver/tornado/ioloop_logging.py,False,False,0.0,,
line-too-long,460ef47e8f76c1d1bae35ce45fbd05ac60dc347e,UrLab/DocHub,documents/logic.py,False,,0.0,,
line-too-long,a2a4f87ead2c21f9ac382d50c6579ca310c2f31e,hyperspy/hyperspy,hyperspy/misc/utils.py,,,,,
line-too-long,ecb694736944368dc2f8624e377e1cd350bd93ba,GoogleCloudPlatform/python-docs-samples,cloud-sql/postgres/sqlalchemy/main.py,False,,1.0,,
line-too-long,494bd9ef78313436f0424b918f200dab8fc7c20b,frappe/erpnext,erpnext/patches/v13_0/move_branch_code_to_bank_account.py,False,,0.0,,
line-too-long,eb47e6df3416883df8f07f137494e2f351f7f300,helfertool/helfertool,src/registration/migrations/0016_auto_20170209_1455.py,False,,0.0,,
line-too-long,ad87ea65ee434bed3e643cfc78ded2c0ec174dfe,jeremiah-c-leary/vhdl-style-guide,vsg/rules/variable/rule_004.py,True,,0.0,,
line-too-long,b3587b52b25077f68116b9852b041d33e7fc6601,mitmproxy/mitmproxy,mitmproxy/io/io.py,False,,0.0,,
line-too-long,c203f3bc64b77dccedbc339a2c7805ea5db5cc9d,jeremiah-c-leary/vhdl-style-guide,vsg/rules/generic/rule_006.py,False,,0.0,,
line-too-long,ad87ea65ee434bed3e643cfc78ded2c0ec174dfe,jeremiah-c-leary/vhdl-style-guide,vsg/rules/type_definition/rule_600.py,True,,0.0,,
line-too-long,dd9105efb3ba2d808c2510456e95143ca83b6e7a,hasgeek/funnel,funnel/views/helpers.py,False,,1.0,,
line-too-long,267d4b376b2cc077a58c9a7ba2237fbe17ecc5b4,fkie-cad/FACT_core,src/plugins/analysis/users_and_passwords/install.py,False,,0.0,,
line-too-long,4e738fed3eca6a0bb9b37cac6f71543f4c8ed4c4,HTTPArchive/beta.httparchive.org,main.py,False,,0.0,,
line-too-long,a9e1bf866ab9966c401b82cafb5943a0bd318779,adbar/htmldate,htmldate/validators.py,False,,0.0,,
line-too-long,dd85aa89cc8b5c751cd32a70e04107016c849e3c,rocky/python-xdis,xdis/magics.py,False,,0.0,,
line-too-long,48eb6a685f43ac18e8bb6184cd689455e6040331,radiasoft/sirepo,sirepo/sim_data/warpvnd.py,False,,0.0,,
line-too-long,2ee8582a84aa7515dcf94e10d712dec7ba3a4bdb,Tuxemon/Tuxemon,tuxemon/event/actions/play_music.py,False,,0.0,,
line-too-long,494bd9ef78313436f0424b918f200dab8fc7c20b,frappe/erpnext,erpnext/patches/v11_0/rename_production_order_to_work_order.py,False,,0.0,,
line-too-long,b5222b381ef97984b7383e222bc6e721260f3c5e,Splawik/pytigon,pytigon/schserw/schsys/templatetags/collapse.py,False,,0.0,,
line-too-long,ed293ee6b171738fc33a638b2e03dbdda337b545,hail-is/hail,hail/python/hail/backend/backend.py,False,,0.0,,
line-too-long,8f04c4b559eab93f28c155606106e9e86501cb5f,oppia/oppia,core/jobs/batch_jobs/user_stats_computation_jobs.py,False,,0.0,,
line-too-long,65287306157b4e2c2fb62e77dd87d5cec3ea0be9,openego/eDisGo,edisgo/network/timeseries.py,False,,0.0,,
line-too-long,b8acb96f96ea4967831e118ce8203e6547f404aa,rocky/python-xdis,xdis/magics.py,False,,0.0,,
line-too-long,bc74dff8bc8629f5ca7a2cfbc1b5f167c5038f99,astrobin/astrobin,astrobin_apps_iotd/templatetags/astrobin_apps_iotd_tags.py,False,,0.0,,
line-too-long,fffade65abdd1f8ab1de3ffa6a80eae7f6e482b0,xupingmao/xnote,handlers/system/system_info.py,False,,2.0,,
line-too-long,c962881e7ad9c909d2a1191e75fadd425fa61750,jeremiah-c-leary/vhdl-style-guide,vsg/rules/constant/rule_004.py,False,,1.0,,
line-too-long,acd35f4d3d63aecdd4ab6efcd0031fef1e8a67a7,plivo/plivo-python,plivo/resources/queued_calls.py,False,,0.0,,
line-too-long,3b3eefd41c852c284c640b5e40f393e17967ceb8,SimpleITK/SimpleITK,Examples/ImageRegistrationMethod4/ImageRegistrationMethod4.py,False,,0.0,,
line-too-long,d10f15e55806c6944827d801cd9c2d53f5da4186,wagtail/wagtail,wagtail/users/views/users.py,False,,0.0,,
line-too-long,d10f15e55806c6944827d801cd9c2d53f5da4186,wagtail/wagtail,wagtail/contrib/redirects/migrations/0003_make_site_field_editable.py,False,,0.0,,
line-too-long,d0db464e53eb5a61d13e03596e2c5edb529e82bf,gemrb/gemrb,gemrb/GUIScripts/demo/MessageWindow.py,False,,0.0,,
line-too-long,21ec529987d10e0010badd37f8da3274167d436f,gitpython-developers/GitPython,git/objects/tag.py,False,,0.0,,
line-too-long,494bd9ef78313436f0424b918f200dab8fc7c20b,frappe/erpnext,erpnext/patches/v11_0/add_index_on_nestedset_doctypes.py,False,,0.0,,
line-too-long,5dc8882764d50b8f7d3650d848cb746a54297942,pcolmant/repanier,repanier/views/download_customer_invoice.py,False,False,0.0,,
line-too-long,05a345e83c7d4f5e02864d66a8aebf193a1bcbd0,astrobin/astrobin,astrobin_apps_forum/api/serializers/post_serializer.py,True,,0.0,,
line-too-long,cd3e8267d6836418d6fa3aa50dbc8d473e5f2afd,rupran/librarytrader,librarytrader/interface_calls.py,False,,1.0,,
line-too-long,4826aa2941ff67d95e3427ef13045db2c6e7e0c6,edx/edx-enterprise,integrated_channels/cornerstone/urls.py,False,,0.0,,
line-too-long,68d590a23ae7afb926acbc0cd067d437cdf709c2,GPflow/GPflow,gpflow/kernels/changepoints.py,False,,0.0,,
line-too-long,bea5c3ac358d4a1709ab154ad44788ee91a6312a,hyperspy/hyperspy,hyperspy/misc/utils.py,False,,2.0,,
line-too-long,ad87ea65ee434bed3e643cfc78ded2c0ec174dfe,jeremiah-c-leary/vhdl-style-guide,vsg/rules/attribute_declaration/rule_501.py,True,,0.0,,
line-too-long,de3865fa1dbc4031bd1de56892ba9151120a9efa,jumpserver/jumpserver,apps/users/filters.py,False,,0.0,,
line-too-long,4ea844d641ec66207cf038945e453242ca288137,spectralDNS/shenfun,shenfun/config.py,False,,0.0,,
line-too-long,fe68d0121019cc19adae5b0f5723545741ea2e08,isard-vdi/isard,api/src/api/views/AdminUsersView.py,False,,0.0,,
line-too-long,eb47e6df3416883df8f07f137494e2f351f7f300,helfertool/helfertool,src/corona/migrations/0005_alter_coronasettings_rules.py,False,,0.0,,
line-too-long,494bd9ef78313436f0424b918f200dab8fc7c20b,frappe/erpnext,erpnext/patches/v11_0/merge_land_unit_with_location.py,False,,0.0,,
line-too-long,ad87ea65ee434bed3e643cfc78ded2c0ec174dfe,jeremiah-c-leary/vhdl-style-guide,vsg/rules/process/rule_008.py,True,,0.0,,
line-too-long,6060a367e88b68cd3dc90caee7b84a7e30993e19,google-research/kubric,kubric/renderer/blender_utils.py,False,,0.0,,
line-too-long,0ff8f4069934ee7f8559b5d9597a2ca641790a3f,hyperspy/hyperspy,hyperspy/misc/utils.py,False,,1.0,,
line-too-long,494bd9ef78313436f0424b918f200dab8fc7c20b,frappe/erpnext,erpnext/patches/v12_0/set_employee_preferred_emails.py,False,,0.0,,
line-too-long,165213ca5c39e822379abb92b5c4f0df8769535b,rocky/python3-trepan,trepan/debugger.py,False,,0.0,,
line-too-long,bdcfab3a0fcd86c03250a6c5328191ca5cb2a226,frappe/erpnext,erpnext/patches/v12_0/move_bank_account_swift_number_to_bank.py,False,,0.0,,
line-too-long,ad87ea65ee434bed3e643cfc78ded2c0ec174dfe,jeremiah-c-leary/vhdl-style-guide,vsg/rules/block/rule_502.py,True,,0.0,,
line-too-long,d8c99d51ab2535c8d9fa1cfeb18f31172fd6a586,Catch-up-TV-and-More/plugin.video.catchuptvandmore,resources/lib/channels/ma/medi1.py,,,,,
line-too-long,ad87ea65ee434bed3e643cfc78ded2c0ec174dfe,jeremiah-c-leary/vhdl-style-guide,vsg/rules/context/rule_028.py,True,,0.0,,
line-too-long,ad87ea65ee434bed3e643cfc78ded2c0ec174dfe,jeremiah-c-leary/vhdl-style-guide,vsg/rules/block/rule_601.py,True,,0.0,,
line-too-long,2f5801aca482878bfebb52d7fc8f912fe991770a,specify/specify7,specifyweb/urls.py,False,,0.0,,
line-too-long,917c3cd2f4926c91418e4ce88136e4e469b7d6f1,radiasoft/sirepo,sirepo/template/zgoubi_parser.py,False,,1.0,,
line-too-long,03b4a49ec8f57947eac83a9a764cb4569e1352a4,genialis/resolwe-bio,resolwe_bio/processes/chip_seq/rose2.py,False,,0.0,,
line-too-long,833ade2fdeb5e13d05117048d2444e9cb3ad943f,mitodl/bootcamp-ecommerce,main/urls.py,False,,0.0,,
line-too-long,d10f15e55806c6944827d801cd9c2d53f5da4186,wagtail/wagtail,wagtail/project_template/home/migrations/0001_initial.py,False,,0.0,,
line-too-long,f5213d79b10333aabe353da6e3ae1cca5802b17e,dedupeio/dedupe,dedupe/backport.py,False,,0.0,,
line-too-long,e7e4db594bbbc2a4c5b394e9467c842cfcb551c9,OGRECave/ogre,Samples/Python/raw_sample.py,True,,0.0,,
line-too-long,ad87ea65ee434bed3e643cfc78ded2c0ec174dfe,jeremiah-c-leary/vhdl-style-guide,vsg/rules/context_ref/rule_004.py,True,,0.0,,
line-too-long,494bd9ef78313436f0424b918f200dab8fc7c20b,frappe/erpnext,erpnext/regional/report/irs_1099/irs_1099.py,False,,0.0,,
line-too-long,ad87ea65ee434bed3e643cfc78ded2c0ec174dfe,jeremiah-c-leary/vhdl-style-guide,vsg/rules/length/rule_002.py,True,,0.0,,
line-too-long,ad87ea65ee434bed3e643cfc78ded2c0ec174dfe,jeremiah-c-leary/vhdl-style-guide,vsg/rules/component/rule_010.py,True,,0.0,,
line-too-long,d10f15e55806c6944827d801cd9c2d53f5da4186,wagtail/wagtail,wagtail/utils/sendfile.py,False,,0.0,,
line-too-long,756a4489bba88690fda4b6c2366e19acde698e2f,pantsbuild/pants,src/python/pants/core/goals/repl.py,False,,0.0,,
line-too-long,acb0c44b71ed3e4182757d2f593f29cf61630e6e,jeremiah-c-leary/vhdl-style-guide,vsg/rules/function/rule_005.py,False,,0.0,,
line-too-long,6850e0fec38a7c5c0e2eccc1f21c913f63857301,StellarCN/py-stellar-base,stellar_sdk/xdr/bump_sequence_result_code.py,False,,0.0,,
line-too-long,1f59bbf4f39504c8f2087f8132f2475a6ac38dcb,ansible/ansible,lib/ansible/plugins/lookup/together.py,True,,0.0,,
line-too-long,4f55314e607f9587d4c621ee3ed1de0558f9cd48,tensorflow/tfx-addons,tfx_addons/xgboost_evaluator/xgboost_predict_extractor.py,False,,0.0,,
line-too-long,b48ceb697fc4cf9a79aba39b50b274d289161df3,dwavesystems/dimod,dimod/reference/composites/roofduality.py,False,,0.0,,
line-too-long,513ccc060635641d9cd5b40c5bb48a4b9a2c9387,spectralDNS/shenfun,shenfun/config.py,False,,0.0,,
line-too-long,44ffd099244a3a9de7b6c4dad7d06c88b2624cf8,jumpserver/jumpserver,apps/common/utils/crypto.py,False,,0.0,,
line-too-long,b3fadbe7f2b52fdfd2ebf1b9e6d330fbd230db31,hyperspy/hyperspy,hyperspy/misc/utils.py,False,False,1.0,,
line-too-long,d10f15e55806c6944827d801cd9c2d53f5da4186,wagtail/wagtail,scripts/nightly/upload.py,False,,0.0,,
line-too-long,ebab862464a95fac8d784c18f64444c10881080e,oss/shrunk,backend/shrunk/client/exceptions.py,False,,1.0,,
line-too-long,48eb6a685f43ac18e8bb6184cd689455e6040331,radiasoft/sirepo,sirepo/pkcli/admin.py,False,,0.0,,
line-too-long,8a078a30db08afb680c48ce94d6e576236febeed,fnp/wolnelektury,src/catalogue/views.py,False,,0.0,,
line-too-long,ad87ea65ee434bed3e643cfc78ded2c0ec174dfe,jeremiah-c-leary/vhdl-style-guide,vsg/rules/generic/rule_009.py,True,,0.0,,
line-too-long,ad87ea65ee434bed3e643cfc78ded2c0ec174dfe,jeremiah-c-leary/vhdl-style-guide,vsg/rules/ranges/rule_001.py,True,,0.0,,
line-too-long,2cbef7f10d2a705172453d957175a6108c788e1e,DemocracyClub/UK-Polling-Stations,polling_stations/apps/data_importers/management/commands/import_plymouth.py,False,,0.0,,
line-too-long,2ee8582a84aa7515dcf94e10d712dec7ba3a4bdb,Tuxemon/Tuxemon,tuxemon/event/actions/common.py,False,,0.0,,
line-too-long,81ded008a8470117ea261fd47fabfc42d7c612dd,ccxt/ccxt,examples/py/async-with-threads.py,False,,0.0,,
line-too-long,f3554321f74ab6e54a4dbe4ef18f1edefcb65127,GoogleCloudPlatform/python-docs-samples,billing/main.py,False,,2.0,,
line-too-long,4e8fdf7b3fc2efea7d16398aa1dda11afdd2446d,frappe/erpnext,erpnext/stock/doctype/quality_inspection/quality_inspection.py,False,,3.0,,
line-too-long,2b2b410d0475e34e562759b413f24b4f0ed06a13,osm-fr/osmose-frontend,api/tool/tag2link.py,False,,0.0,,
line-too-long,516d05c4e1abbf8dcdbd88024a39081b9c0e6eda,DemocracyClub/UK-Polling-Stations,polling_stations/apps/data_importers/management/commands/import_torfaen.py,False,,0.0,,
line-too-long,d05486032b4462b15ae067757a3cedfc8b46a7e3,vortex-exoplanet/VIP,vip_hci/stats/distances.py,False,,0.0,,
line-too-long,9551826282bb90d1a4d73219af726637da75665c,radiasoft/pykern,pykern/pkjson.py,False,,0.0,,
line-too-long,214df23bcf72a059cfc195db901651c7dbaa34aa,asottile/reorder_python_imports,reorder_python_imports.py,False,,0.0,,
line-too-long,ad87ea65ee434bed3e643cfc78ded2c0ec174dfe,jeremiah-c-leary/vhdl-style-guide,vsg/rules/package_body/rule_201.py,True,,0.0,,
line-too-long,a7405e4fafe57f277b0fd983214c69e0942e6b2d,benvanwerkhoven/kernel_tuner,kernel_tuner/strategies/brute_force.py,False,,0.0,,
line-too-long,d10f15e55806c6944827d801cd9c2d53f5da4186,wagtail/wagtail,wagtail/users/views/bulk_actions/set_active_state.py,False,,0.0,,
line-too-long,230b084a0fab8940e129f50c85ab78f474267e37,helfertool/helfertool,src/mail/views/send_mail.py,False,,0.0,,
line-too-long,6850e0fec38a7c5c0e2eccc1f21c913f63857301,StellarCN/py-stellar-base,stellar_sdk/xdr/envelope_type.py,False,,0.0,,
line-too-long,494bd9ef78313436f0424b918f200dab8fc7c20b,frappe/erpnext,erpnext/manufacturing/doctype/routing/routing.py,False,,0.0,,
line-too-long,0966e79776537c02aea630f4380f2d82573abc06,conan-io/conan,conan/tools/cmake/cmake.py,False,,1.0,,
line-too-long,ad87ea65ee434bed3e643cfc78ded2c0ec174dfe,jeremiah-c-leary/vhdl-style-guide,vsg/rules/process/rule_036.py,True,,0.0,,
line-too-long,494bd9ef78313436f0424b918f200dab8fc7c20b,frappe/erpnext,erpnext/patches/v10_0/set_currency_in_pricing_rule.py,False,,0.0,,
line-too-long,bb12ebd389864bbba8c2c9e15ab808efae54e660,MozillaSecurity/FuzzManager,FTB/ConfigurationFiles.py,False,,0.0,,
line-too-long,aed79e993f51a7b2d4379359e516705115a55fd0,frappe/erpnext,erpnext/stock/doctype/item_attribute/item_attribute.py,False,,3.0,,
line-too-long,914e3fef3ca4f4f9f2585f5748ca66fa088056f2,googleapis/google-cloud-php,Kms/owlbot.py,False,,0.0,,
line-too-long,87cbecfb2c22eb4ef23e7e503cc8598cc36c7488,jggatc/pyj2d,pyj2d/mouse.py,False,,0.0,,
line-too-long,c0539e2827278af4230591a460cac403ead2039d,Catch-up-TV-and-More/plugin.video.catchuptvandmore,resources/lib/skeletons/ca_live.py,False,,0.0,,
line-too-long,48eb6a685f43ac18e8bb6184cd689455e6040331,radiasoft/sirepo,sirepo/sim_data/elegant.py,False,,0.0,,
line-too-long,494bd9ef78313436f0424b918f200dab8fc7c20b,frappe/erpnext,erpnext/accounts/doctype/item_tax_template/item_tax_template.py,False,,0.0,,
line-too-long,dd5ae96ae5385c310a1857ee5543612b234a9d63,radiasoft/sirepo,sirepo/template/warppba.py,,,,,
line-too-long,d10f15e55806c6944827d801cd9c2d53f5da4186,wagtail/wagtail,wagtail/documents/views/bulk_actions/add_tags.py,False,,0.0,,
line-too-long,6850e0fec38a7c5c0e2eccc1f21c913f63857301,StellarCN/py-stellar-base,stellar_sdk/xdr/memo_type.py,False,,0.0,,
line-too-long,89f27b1b05072484760b98d0d0de010ad4b16ed2,ECP-CANDLE/Benchmarks,Pilot1/P1B1/p1b1.py,False,,4.0,,
line-too-long,86225692b0983664a1b2bcdb9544ad44a5c43ba8,alisw/alibuild,alibuild_helpers/workarea.py,False,,0.0,,
line-too-long,3f3477416bd3d8605447549d77e9a073f4c83b90,hyperspy/hyperspy,hyperspy/misc/utils.py,False,,7.0,,
line-too-long,b3587b52b25077f68116b9852b041d33e7fc6601,mitmproxy/mitmproxy,mitmproxy/contentviews/msgpack.py,False,,0.0,,
line-too-long,494bd9ef78313436f0424b918f200dab8fc7c20b,frappe/erpnext,erpnext/buying/report/supplier_quotation_comparison/supplier_quotation_comparison.py,False,,0.0,,
line-too-long,9e472d57e043a782ba33ee838373c96a736c9a1a,SimpleITK/SimpleITK,Examples/ImageRegistrationMethod3/ImageRegistrationMethod3.py,False,,0.0,,
line-too-long,494bd9ef78313436f0424b918f200dab8fc7c20b,frappe/erpnext,erpnext/manufacturing/report/cost_of_poor_quality_report/cost_of_poor_quality_report.py,False,,0.0,,
line-too-long,1d4c86ed33e8081370fb28d97ca44323206b2104,uclapi/uclapi,backend/uclapi/timetable/management/commands/update_gencache.py,False,,0.0,,
line-too-long,3b3eefd41c852c284c640b5e40f393e17967ceb8,SimpleITK/SimpleITK,Examples/ImageRegistrationMethod1/ImageRegistrationMethod1.py,False,,0.0,,
line-too-long,494bd9ef78313436f0424b918f200dab8fc7c20b,frappe/erpnext,erpnext/templates/pages/material_request_info.py,False,,0.0,,
line-too-long,ad87ea65ee434bed3e643cfc78ded2c0ec174dfe,jeremiah-c-leary/vhdl-style-guide,vsg/rules/block/rule_504.py,True,,0.0,,
line-too-long,ad87ea65ee434bed3e643cfc78ded2c0ec174dfe,jeremiah-c-leary/vhdl-style-guide,vsg/rules/attribute_declaration/rule_500.py,True,,0.0,,
line-too-long,7e2f81a418c3141b387e27be827076d2a48a503e,jumpserver/jumpserver,apps/tickets/utils.py,False,,0.0,,
line-too-long,016c87c2ea1a5e1485dfeebfa39be66540aac0dc,elastic/elasticsearch-py,elasticsearch/_async/client/transform.py,False,,0.0,,
line-too-long,c203f3bc64b77dccedbc339a2c7805ea5db5cc9d,jeremiah-c-leary/vhdl-style-guide,vsg/rules/entity/rule_007.py,False,,0.0,,
line-too-long,0b1a9e804fc9e2353096b485ac08656fbec3cc7b,cobbler/cobbler,cobbler/settings/migrations/V3_3_1.py,False,,0.0,,
line-too-long,3f58df99749c24b19f7769326ff0a5865c50dcb2,litex-hub/litex-boards,litex_boards/targets/digilent_zedboard.py,False,,0.0,,
line-too-long,6850e0fec38a7c5c0e2eccc1f21c913f63857301,StellarCN/py-stellar-base,stellar_sdk/xdr/set_trust_line_flags_result_code.py,False,,0.0,,
line-too-long,494bd9ef78313436f0424b918f200dab8fc7c20b,frappe/erpnext,erpnext/crm/doctype/appointment/appointment.py,False,,0.0,,
line-too-long,ad87ea65ee434bed3e643cfc78ded2c0ec174dfe,jeremiah-c-leary/vhdl-style-guide,vsg/rules/signal/rule_002.py,True,,0.0,,
line-too-long,502245535677b9d1271e21be797ccb7044444bc1,googleapis/storage-testbench,gcs/object.py,False,,0.0,,
line-too-long,80a3e6dfbe2540af39f986b9fb853f7c245c7a3f,catalyst-cooperative/pudl,src/pudl/output/ferc1.py,False,,0.0,,
line-too-long,ce12b1cee1fad415326b850285d060d19f54d76f,openego/eDisGo,edisgo/tools/tools.py,False,,0.0,,
line-too-long,45e2eef5f5b9c3b6ae6ba7a64510fd65709da576,BirkbeckCTP/janeway,src/press/views.py,False,,0.0,,
line-too-long,91072e3f826dc7528f6d71ac405363e238dd15e6,gkunter/coquery,coquery/connections.py,False,,0.0,,
line-too-long,eb47e6df3416883df8f07f137494e2f351f7f300,helfertool/helfertool,src/mail/tracking/handler.py,False,,0.0,,
line-too-long,d10f15e55806c6944827d801cd9c2d53f5da4186,wagtail/wagtail,wagtail/admin/views/pages/search.py,False,,0.0,,
line-too-long,108b5244e9b2a68ccd3b8e3080d394c7379448f1,danforthcenter/plantcv,plantcv/plantcv/hyperspectral/_inverse_covariance.py,False,,0.0,,
line-too-long,8cc5e04b8a54060de8a707f9a6dd25f1ddd10db5,ECP-CANDLE/Benchmarks,common/clr_keras_utils.py,False,,0.0,,
line-too-long,b875daec838d5101f01b57872a0d22c13ed1e6e3,fja05680/pinkfish,examples/175.compare-strategies/golden_cross.py,False,,0.0,,
line-too-long,6948479138e6f10cfc9309b5eb483b18f0fc0075,jeremiah-c-leary/vhdl-style-guide,vsg/rules/context/rule_023.py,False,,0.0,,
line-too-long,053992e9646eb76c0db550ad1d1e5ce61d88a452,mozman/ezdxf,examples/viewports_in_paperspace.py,False,,0.0,,
line-too-long,fdde9ba3b3caaa2654048cec0af07bfcc3a6a3f8,mitmproxy/mitmproxy,mitmproxy/addons/view.py,False,,0.0,,
line-too-long,494bd9ef78313436f0424b918f200dab8fc7c20b,frappe/erpnext,erpnext/accounts/doctype/payment_terms_template/payment_terms_template.py,False,,0.0,,
line-too-long,1aa5e3bf91927b11bf6dd30c858aabc87b93e567,BirkbeckCTP/janeway,src/press/views.py,False,,1.0,,
line-too-long,494bd9ef78313436f0424b918f200dab8fc7c20b,frappe/erpnext,erpnext/stock/doctype/item_alternative/item_alternative.py,False,,0.0,,
line-too-long,ad87ea65ee434bed3e643cfc78ded2c0ec174dfe,jeremiah-c-leary/vhdl-style-guide,vsg/rules/entity/rule_012.py,True,,0.0,,
line-too-long,e913fb036e83726c7ce5cf48f52ca2b2fef855f9,streamlink/streamlink,src/streamlink/utils/l10n.py,False,,0.0,,
line-too-long,ad87ea65ee434bed3e643cfc78ded2c0ec174dfe,jeremiah-c-leary/vhdl-style-guide,vsg/rules/if_statement/rule_028.py,True,,0.0,,
line-too-long,e5fbf3a9c77207f7e580cf7718b9b8f52166b34a,UrLab/DocHub,users/authBackend.py,False,,0.0,,
line-too-long,bd5b882326e4f76a2facd6de6efb1c1f170abd5a,jeremiah-c-leary/vhdl-style-guide,vsg/rules/generate/rule_005.py,False,,1.0,,
line-too-long,578a066df4232933b285a6290e068faeb56fd4b9,pcolmant/repanier,repanier/admin/group.py,False,,0.0,,
line-too-long,ad87ea65ee434bed3e643cfc78ded2c0ec174dfe,jeremiah-c-leary/vhdl-style-guide,vsg/rules/instantiation/rule_008.py,True,,0.0,,
line-too-long,adbd83fbfece7a56d5431bb52d79ff3a2a81f184,StartupsPoleEmploi/labonneboite,labonneboite/web/user/views.py,False,,0.0,,
line-too-long,d5cd6f054d62fa5fc3d03bed13abbf0649e26977,cobbler/cobbler,cobbler/download_manager.py,False,,0.0,,
line-too-long,ad87ea65ee434bed3e643cfc78ded2c0ec174dfe,jeremiah-c-leary/vhdl-style-guide,vsg/rules/case/rule_200.py,True,,0.0,,
line-too-long,d10f15e55806c6944827d801cd9c2d53f5da4186,wagtail/wagtail,wagtail/contrib/forms/migrations/0001_initial.py,False,,0.0,,
line-too-long,7540e7b47b55447475bb8191fb3520dd67cf7998,coreboot/chrome-ec,chip/mchp/util/pack_ec.py,False,,0.0,,
line-too-long,d23168f8ed471436687fdea5d701788eb6caee8f,codinuum/cca,python/src/cca/ccautil/srcdiff.py,False,,0.0,,
line-too-long,835a6b80ee84237b0796ad464438e5b6e5ab0523,candlepin/subscription-manager,src/rhsmlib/services/syspurpose.py,False,,0.0,,
line-too-long,71ab0c90609819aec4806e4960a536e904e3f7c4,mozman/ezdxf,src/ezdxf/addons/odafc.py,False,,3.0,,
line-too-long,2365d8b9b5e8f1054c575818bf4a1684d2f9d121,facelessuser/ColorHelper,lib/coloraide/spaces/hwb/css.py,False,,0.0,,
line-too-long,967ffd3edd8771b1e83960d23875013315137366,tensorflow/ranking,tensorflow_ranking/python/keras/losses.py,False,,0.0,,
line-too-long,ad87ea65ee434bed3e643cfc78ded2c0ec174dfe,jeremiah-c-leary/vhdl-style-guide,vsg/rules/type_definition/rule_015.py,True,,0.0,,
line-too-long,ad87ea65ee434bed3e643cfc78ded2c0ec174dfe,jeremiah-c-leary/vhdl-style-guide,vsg/rules/context/rule_023.py,True,,0.0,,
line-too-long,d10f15e55806c6944827d801cd9c2d53f5da4186,wagtail/wagtail,wagtail/images/views/bulk_actions/add_tags.py,False,,0.0,,
line-too-long,0f74c024bfb3ea33e82a1b62c5335a8eee0a1ee2,dedupeio/dedupe,dedupe/training.py,,,,,
line-too-long,15929d6d8ec6a69a46511f14b4862daafbd15c9a,mapillary/OpenSfM,opensfm/mesh.py,False,,0.0,,
line-too-long,80c8b278afc0928336f45f94d75a22e32f819166,demisto/content,Packs/QRadar/Scripts/QRadarPrintEvents/QRadarPrintEvents.py,False,,0.0,,
line-too-long,494bd9ef78313436f0424b918f200dab8fc7c20b,frappe/erpnext,erpnext/buying/doctype/supplier/supplier.py,False,,0.0,,
line-too-long,b45d056c1fe123542c8f01684462561889da8060,aerospike/aerospike-admin,lib/view/sheet/render/base_rsheet.py,False,,0.0,,
line-too-long,494bd9ef78313436f0424b918f200dab8fc7c20b,frappe/erpnext,erpnext/buying/doctype/supplier/supplier_dashboard.py,False,,0.0,,
line-too-long,494bd9ef78313436f0424b918f200dab8fc7c20b,frappe/erpnext,erpnext/patches/v13_0/update_dates_in_tax_withholding_category.py,False,,0.0,,
line-too-long,cdabf205313c2998caa3393d552e16348c1ec591,jggatc/pyjsdl,pyjsdl/surfarray.py,False,,0.0,,
line-too-long,a882a3d7b4a798209a86eda61f1c7d291ad95465,oceanobservatories/mi-instrument,mi/dataset/driver/dofst_k/wfp/dofst_k_wfp_telemetered_driver.py,False,,2.0,,
line-too-long,ad87ea65ee434bed3e643cfc78ded2c0ec174dfe,jeremiah-c-leary/vhdl-style-guide,vsg/rules/case/rule_017.py,True,,0.0,,
line-too-long,341e3868b745b50208100fa452dfaf499f9c2271,jggatc/pyj2d,pyj2d/display.py,False,False,0.0,,
line-too-long,c962881e7ad9c909d2a1191e75fadd425fa61750,jeremiah-c-leary/vhdl-style-guide,vsg/rules/entity/rule_010.py,False,,1.0,,
line-too-long,b3587b52b25077f68116b9852b041d33e7fc6601,mitmproxy/mitmproxy,mitmproxy/utils/emoji.py,False,,0.0,,
line-too-long,015e3eb699113936b059a66754e2c38afafd70b0,PyAbel/PyAbel,examples/example_basex_gaussian.py,False,,0.0,,
line-too-long,fc9c1a45a7d946ac3e68b2a2679c13c3ea62a22b,DemocracyClub/UK-Polling-Stations,polling_stations/apps/data_importers/management/commands/import_maidstone.py,False,,1.0,,
line-too-long,af9b5b8d0f17fd0469bb5ede88c124287ac17c17,andreymal/mini_fiction,mini_fiction/views/index.py,False,,0.0,,
line-too-long,95906539e3c92026c35824610d5976c175d10b30,conan-io/conan,conan/tools/cmake/cmake.py,False,,1.0,,
line-too-long,e10691c98e0621e20a14f0051f540f7e40013486,kizniche/Mycodo,mycodo/functions/base_function.py,False,,0.0,,
line-too-long,f8cc86bfedb9a0e8ec1945e56c320e44d27f4cbb,frappe/erpnext,erpnext/crm/doctype/appointment/appointment.py,,,,,
line-too-long,6850e0fec38a7c5c0e2eccc1f21c913f63857301,StellarCN/py-stellar-base,stellar_sdk/xdr/liquidity_pool_deposit_result_code.py,False,,0.0,,
line-too-long,c962881e7ad9c909d2a1191e75fadd425fa61750,jeremiah-c-leary/vhdl-style-guide,vsg/rules/component/rule_004.py,False,,1.0,,
line-too-long,ad87ea65ee434bed3e643cfc78ded2c0ec174dfe,jeremiah-c-leary/vhdl-style-guide,vsg/rules/package_body/rule_502.py,True,,0.0,,
line-too-long,ad87ea65ee434bed3e643cfc78ded2c0ec174dfe,jeremiah-c-leary/vhdl-style-guide,vsg/rules/context_ref/rule_003.py,True,,0.0,,
line-too-long,5e1dae68ed970eb60cd25d295bc24c263094a064,jeremiah-c-leary/vhdl-style-guide,vsg/rules/architecture/rule_014.py,False,,0.0,,
line-too-long,a9e1bf866ab9966c401b82cafb5943a0bd318779,adbar/htmldate,htmldate/utils.py,False,,0.0,,
line-too-long,a6ab50318a98424ebdf482690f5982f024a3512c,python-attrs/cattrs,src/cattr/errors.py,False,,0.0,,
line-too-long,b22e26db76cf956f865a16aad4320befacee8cc7,googleapis/google-cloud-php,Asset/owlbot.py,False,,0.0,,
line-too-long,8cc5e04b8a54060de8a707f9a6dd25f1ddd10db5,ECP-CANDLE/Benchmarks,Pilot3/P3B3/keras_mt_shared_cnn.py,False,,0.0,,
line-too-long,939ed7f599bbfed12104607931be2f79cd6dadf9,qiniu/python-sdk,qiniu/region.py,False,,2.0,,
line-too-long,d10f15e55806c6944827d801cd9c2d53f5da4186,wagtail/wagtail,wagtail/images/formats.py,False,,0.0,,
line-too-long,ae7114426af8bc30d23066f02b103a4490067f7e,miraheze/puppet,modules/irc/files/logbot/adminlog.py,False,,0.0,,
line-too-long,93100551d23423d3889b8884b80e7f42ecb01f4a,corradio/electricitymap,parsers/lib/zonekey.py,False,,0.0,,
line-too-long,bb12ebd389864bbba8c2c9e15ab808efae54e660,MozillaSecurity/FuzzManager,server/covmanager/migrations/0002_increase_collection_filename_length.py,False,,0.0,,
line-too-long,460ef47e8f76c1d1bae35ce45fbd05ac60dc347e,UrLab/DocHub,catalog/slug.py,False,,0.0,,
line-too-long,ad87ea65ee434bed3e643cfc78ded2c0ec174dfe,jeremiah-c-leary/vhdl-style-guide,vsg/rules/library/rule_007.py,True,,0.0,,
line-too-long,ad87ea65ee434bed3e643cfc78ded2c0ec174dfe,jeremiah-c-leary/vhdl-style-guide,vsg/rules/port_map/rule_004.py,True,,0.0,,
line-too-long,d10f15e55806c6944827d801cd9c2d53f5da4186,wagtail/wagtail,wagtail/documents/views/bulk_actions/delete.py,False,,0.0,,
line-too-long,d09bdde7bcd0238c0fbeb663e251b7292f0d2ece,kbd/setup,bootstrap.py,False,,0.0,,
line-too-long,6811434e7ffabe750388346d2c40d53f7bcab4e5,marshmallow-code/marshmallow,src/marshmallow/fields.py,False,,1.0,,
line-too-long,ad87ea65ee434bed3e643cfc78ded2c0ec174dfe,jeremiah-c-leary/vhdl-style-guide,vsg/rules/generate/rule_017.py,True,,0.0,,
line-too-long,494bd9ef78313436f0424b918f200dab8fc7c20b,frappe/erpnext,erpnext/patches/v11_0/rename_bom_wo_fields.py,False,,0.0,,
line-too-long,2365d8b9b5e8f1054c575818bf4a1684d2f9d121,facelessuser/ColorHelper,lib/coloraide/spaces/oklch/css.py,False,,0.0,,
line-too-long,fd5948097f630b3224f21b7ac2f50a9563359455,UrLab/DocHub,users/models.py,False,,0.0,,
line-too-long,aa9f042cb1b909908e1d3dc34e851ab6a5dff18e,GPflow/GPflow,gpflow/inducing_variables/multioutput/inducing_variables.py,False,,0.0,,
line-too-long,9741581c082363d4b7bbb846f383fa3483ae1157,leprikon-cz/leprikon,leprikon/middleware.py,False,,0.0,,
line-too-long,a820c8a30f36c3a6dfe40245047e2c789de75711,jeremiah-c-leary/vhdl-style-guide,vsg/rules/case/rule_007.py,True,,0.0,,
line-too-long,b1650a1a8a56c52a7a06ca5c9cef02300af7289e,looker-open-source/sdk-codegen,python/looker_sdk/rtl/serialize.py,False,,0.0,,
line-too-long,4742e0b98c7a8a83decb311d41732b870555f539,geodynamics/burnman,burnman/minerals/Sundman_1991.py,False,,0.0,,
line-too-long,41555edab98034fcc669ef90f25753533ab93327,mitmproxy/mitmproxy,mitmproxy/contentviews/msgpack.py,False,,0.0,,
line-too-long,ad87ea65ee434bed3e643cfc78ded2c0ec174dfe,jeremiah-c-leary/vhdl-style-guide,vsg/rules/constant/rule_004.py,True,,0.0,,
line-too-long,ad87ea65ee434bed3e643cfc78ded2c0ec174dfe,jeremiah-c-leary/vhdl-style-guide,vsg/rules/entity_specification/rule_500.py,True,,0.0,,
line-too-long,2a8fd4caa9caeb9522f5390f9a3398267fb7df7c,Pragmatismo/Pigrow,scripts/visualisation/modular_datawall.py,,,,,
line-too-long,3de554d800899b935652fe062b409585ca9bd80c,pantsbuild/pants,src/python/pants/backend/python/goals/lockfile.py,False,,0.0,,
line-too-long,ad87ea65ee434bed3e643cfc78ded2c0ec174dfe,jeremiah-c-leary/vhdl-style-guide,vsg/rules/file_statement/rule_002.py,True,,0.0,,
line-too-long,d10f15e55806c6944827d801cd9c2d53f5da4186,wagtail/wagtail,wagtail/images/migrations/0002_initial_data.py,False,,0.0,,
line-too-long,5d81269548fc1a51f17c6e578586ac88f52250f1,wagtail/wagtail,wagtail/contrib/settings/views.py,False,,1.0,,
line-too-long,d10f15e55806c6944827d801cd9c2d53f5da4186,wagtail/wagtail,wagtail/admin/localization.py,False,,0.0,,
line-too-long,337f9c43bac52a2093d6cbd0bd8077feaf8a6038,adbar/htmldate,htmldate/validators.py,False,,0.0,,
line-too-long,494bd9ef78313436f0424b918f200dab8fc7c20b,frappe/erpnext,erpnext/patches/v13_0/trim_whitespace_from_serial_nos.py,False,,0.0,,
line-too-long,460ef47e8f76c1d1bae35ce45fbd05ac60dc347e,UrLab/DocHub,tags/migrations/0001_initial.py,False,,0.0,,
line-too-long,8cc5e04b8a54060de8a707f9a6dd25f1ddd10db5,ECP-CANDLE/Benchmarks,Pilot1/P1B1/p1b1.py,False,,0.0,,
line-too-long,fc76389224e5bfb7609b0286e7809b97a38ccc7d,PyPSA/PyPSA,doc/conf.py,True,,0.0,,
line-too-long,ea6200cdec48623f5d203638acce09fb6cdacdc2,Azure/azure-sdk-for-python,sdk/eventhub/azure-eventhub/azure/eventhub/aio/_async_utils.py,False,,0.0,,
line-too-long,061ba71da42d30ceb6a2b514327a610767ac18a8,fkie-cad/FACT_core,src/flask_app_wrapper.py,False,,1.0,,
line-too-long,a383a34f1a6f53cd72bdd4fe067aca1cadda9030,GoogleCloudPlatform/declarative-resource-client-library,python/services/compute/forwarding_rule.py,False,,0.0,,
line-too-long,fb82ff878f785c88cd28606b095995796a5717b4,pantsbuild/pants,src/python/pants/backend/go/goals/tailor.py,False,,1.0,,
line-too-long,d10f15e55806c6944827d801cd9c2d53f5da4186,wagtail/wagtail,wagtail/images/admin.py,False,,0.0,,
line-too-long,504c482ed48c14e191f6fad5b72b00b4a61e061d,cclib/cclib,cclib/scripts/ccframe.py,False,,0.0,,
line-too-long,b7f321f24cce89d7d2bc6484ef48ea7f81a3183b,jggatc/pyjsdl,pyjsdl/surfarray.py,False,False,0.0,,
line-too-long,73a8f68d4904cef5f96006a15e5896435dfcc0a7,mapequation/infomap,examples/python/infomap-sklearn.py,False,,0.0,,
line-too-long,48f89595aa8a853801ac1ab9adca2e105f35d88d,streamlink/streamlink,src/streamlink/plugins/cdnbg.py,False,,0.0,,
line-too-long,d11e29b16b1e80d70af499621f4247ab765aedf2,DemocracyClub/UK-Polling-Stations,polling_stations/apps/data_importers/management/commands/import_bradford.py,False,,0.0,,
line-too-long,494bd9ef78313436f0424b918f200dab8fc7c20b,frappe/erpnext,erpnext/stock/report/supplier_wise_sales_analytics/supplier_wise_sales_analytics.py,False,,0.0,,
line-too-long,380d6856f9920391c3464067ddf3556c29d1cdbf,jeremiah-c-leary/vhdl-style-guide,vsg/rules/instantiation/rule_027.py,False,,1.0,,
line-too-long,cb92036b49367f8765914d2ce4d718bb76036818,scalyr/scalyr-agent-2,scripts/circleci_usage_data.py,False,,0.0,,
line-too-long,a53668878b347fac36630a3ef31481473d044912,DIRACGrid/WebAppDIRAC,src/WebAppDIRAC/WebApp/handler/SpaceOccupancyHandler.py,False,,1.0,,
line-too-long,57c247aa209c1535a876dc3caa3d7eedfa4cceed,rupran/librarytrader,librarytrader/interface_calls.py,False,,0.0,,
line-too-long,d10f15e55806c6944827d801cd9c2d53f5da4186,wagtail/wagtail,wagtail/users/migrations/0006_userprofile_prefered_language.py,False,,0.0,,
line-too-long,2b1bda643c97ab9d8489c741d843019bd7d3b1f1,facebookexperimental/eden,eden/integration/lib/edenclient.py,False,,0.0,,
line-too-long,ac8e759311a7216d3c0d05e50f17a56e1b81a93a,googlefonts/nanoemoji,src/nanoemoji/write_font.py,False,,0.0,,
line-too-long,aa9f042cb1b909908e1d3dc34e851ab6a5dff18e,GPflow/GPflow,gpflow/optimizers/scipy.py,False,,0.0,,
line-too-long,ad87ea65ee434bed3e643cfc78ded2c0ec174dfe,jeremiah-c-leary/vhdl-style-guide,vsg/rules/signal/rule_008.py,True,,0.0,,
line-too-long,3e9d83061cbc1b043c9e409c9b2485df09e8de1a,pantsbuild/pants,src/python/pants/backend/terraform/goals/check.py,False,,0.0,,
line-too-long,eb47e6df3416883df8f07f137494e2f351f7f300,helfertool/helfertool,src/help/migrations/0002_auto_20161108_1826.py,False,,0.0,,
line-too-long,ad87ea65ee434bed3e643cfc78ded2c0ec174dfe,jeremiah-c-leary/vhdl-style-guide,vsg/rules/component/rule_012.py,True,,0.0,,
line-too-long,ad87ea65ee434bed3e643cfc78ded2c0ec174dfe,jeremiah-c-leary/vhdl-style-guide,vsg/rules/entity/rule_006.py,True,,0.0,,
line-too-long,ad87ea65ee434bed3e643cfc78ded2c0ec174dfe,jeremiah-c-leary/vhdl-style-guide,vsg/rules/block/rule_506.py,True,,0.0,,
line-too-long,cbb6a7f4e831abd2d56375fb0aa22465e0cc7c0c,ansible/ansible,lib/ansible/utils/unsafe_proxy.py,False,,0.0,,
line-too-long,494bd9ef78313436f0424b918f200dab8fc7c20b,frappe/erpnext,erpnext/patches/v12_0/remove_bank_remittance_custom_fields.py,False,,0.0,,
line-too-long,9901bbb3eaaf00a699198fedebfac04bd27430b6,xupingmao/xnote,app.py,False,,0.0,,
line-too-long,48eb6a685f43ac18e8bb6184cd689455e6040331,radiasoft/sirepo,sirepo/sim_api/jupyterhublogin.py,False,,0.0,,
line-too-long,4deefc20b7123e5feab170826b6bbdfd3ea09539,fabiocaccamo/django-admin-interface,admin_interface/models.py,False,,0.0,,
line-too-long,2e5ccf3bfc90d401fbe31e71815b809f6e391478,ccxt/ccxt,examples/py/kraken-fetch-my-trades-pagination.py,False,,1.0,,
line-too-long,ad87ea65ee434bed3e643cfc78ded2c0ec174dfe,jeremiah-c-leary/vhdl-style-guide,vsg/rules/instantiation/rule_019.py,True,,0.0,,
line-too-long,eb47e6df3416883df8f07f137494e2f351f7f300,helfertool/helfertool,src/registration/migrations/0020_event_logo_social.py,False,,0.0,,
line-too-long,ab1024fbf4e73086ad0b246f8efce651a6d19e4b,jumpserver/jumpserver,apps/acls/urls/api_urls.py,False,,0.0,,
line-too-long,7e31f4b7fab5b42e55820d6de221d69a5a51596c,pantsbuild/pants,src/python/pants/backend/python/subsystems/python_native_code.py,False,,0.0,,
line-too-long,2b3bdee8cd99ffab0538a63fdd36de8de356f857,pantsbuild/pex,pex/finders.py,False,,1.0,,
line-too-long,db3484669e040812bf2d4658c761898b41fb6e09,miku/siskin,siskin/assets/65/65_analyse.py,False,,0.0,,
line-too-long,7b78ec7ef116cf9f4c9190b87db4d3dc4d122f36,google/j2cl,dev/replace_all.py,True,,0.0,,
line-too-long,8d287b0f3413953eb0065955f080bd300d2d98fe,Flexget/Flexget,flexget/components/status/db.py,True,,0.0,,
line-too-long,b3587b52b25077f68116b9852b041d33e7fc6601,mitmproxy/mitmproxy,mitmproxy/utils/strutils.py,False,,0.0,,
line-too-long,ca496f8315d9e8397651a52dc4718af4943ff306,nyu-devops/lab-flask-bdd,features/steps/pets_steps.py,False,,0.0,,
line-too-long,ad87ea65ee434bed3e643cfc78ded2c0ec174dfe,jeremiah-c-leary/vhdl-style-guide,vsg/rules/generic_map/rule_004.py,True,,0.0,,
line-too-long,ad87ea65ee434bed3e643cfc78ded2c0ec174dfe,jeremiah-c-leary/vhdl-style-guide,vsg/rules/function/rule_017.py,True,,0.0,,
line-too-long,ad87ea65ee434bed3e643cfc78ded2c0ec174dfe,jeremiah-c-leary/vhdl-style-guide,vsg/rules/variable/rule_012.py,True,,0.0,,
line-too-long,9c2ea53ad5a6cd7bbfaf125daec0d21b28749130,GoogleCloudPlatform/python-docs-samples,cloud-sql/postgres/sqlalchemy/main.py,False,,3.0,,
line-too-long,f6f071da693d9092e48f3df3e30bc8624392a5cf,HTTPArchive/beta.httparchive.org,main.py,False,,0.0,,
line-too-long,a820c8a30f36c3a6dfe40245047e2c789de75711,jeremiah-c-leary/vhdl-style-guide,vsg/rules/component/rule_003.py,True,,0.0,,
line-too-long,494bd9ef78313436f0424b918f200dab8fc7c20b,frappe/erpnext,erpnext/patches/v12_0/create_accounting_dimensions_in_missing_doctypes.py,False,,0.0,,
line-too-long,188b4e26ad92c63d524bd3cf3b01135a98e3873c,OpenBfS/dokpool-plone,Plone/src/docpool.localbehavior/docpool/localbehavior/adapter.py,False,,0.0,,
line-too-long,a820c8a30f36c3a6dfe40245047e2c789de75711,jeremiah-c-leary/vhdl-style-guide,vsg/rules/instantiation/rule_004.py,True,,0.0,,
line-too-long,6850e0fec38a7c5c0e2eccc1f21c913f63857301,StellarCN/py-stellar-base,stellar_sdk/xdr/operation_result_code.py,False,,0.0,,
line-too-long,d9b0c6fbf7aa5bd9af84264105b39c82028a4a29,FDio/vpp,src/plugins/nat/extras/nat_1Ms.py,False,,0.0,,
line-too-long,7a4348ba2f6e6b7fb8bc69214f36d9ee8d387f8d,radiasoft/sirepo,sirepo/template/flash.py,False,,8.0,,
line-too-long,897f5c8bb62133fce532771e8bc56cef2cc0626f,pantsbuild/pants,src/python/pants/backend/go/goals/tailor.py,False,,0.0,,
line-too-long,044dae377eb4818077f0bee6b03922c47d38483b,Erotemic/ubelt,ubelt/util_stream.py,False,,0.0,,
line-too-long,6850e0fec38a7c5c0e2eccc1f21c913f63857301,StellarCN/py-stellar-base,stellar_sdk/xdr/liquidity_pool_type.py,False,,0.0,,
line-too-long,b24fbfde0a0696349c0f26afcb590afbf688c78b,hyperspy/hyperspy,hyperspy/misc/utils.py,False,,2.0,,
line-too-long,ad87ea65ee434bed3e643cfc78ded2c0ec174dfe,jeremiah-c-leary/vhdl-style-guide,vsg/rules/block/rule_501.py,True,,0.0,,
line-too-long,e5bd5f3703b45b43b4cee4a5178586ca9fc01610,project-chip/connectedhomeip,scripts/build/builders/ameba.py,False,,0.0,,
line-too-long,92324965763d62b38b892744782a2329490e4adc,openego/eDisGo,edisgo/opf/results/opf_result_class.py,False,,0.0,,
line-too-long,3dd48d9464765d44a97e9c3fe9fd58bf76f1c57d,jeremiah-c-leary/vhdl-style-guide,vsg/rules/for_loop/rule_005.py,False,,0.0,,
line-too-long,c70449c1be1b2979262e51d27c0bb1cef0183ccf,pantsbuild/pants,src/python/pants/backend/java/lint/google_java_format/rules.py,False,,0.0,,
line-too-long,6850e0fec38a7c5c0e2eccc1f21c913f63857301,StellarCN/py-stellar-base,stellar_sdk/xdr/clawback_claimable_balance_result_code.py,False,,0.0,,
line-too-long,85465588b18fef9c4712f864f512e00741e2d4f2,FDio/vpp,src/vpp-api/python/vpp_papi/vpp_stats.py,False,,0.0,,
line-too-long,91c3a74672d12658e83057e55010de460cb50cb6,radiasoft/sirepo,sirepo/template/warppba.py,,,,,
line-too-long,6850e0fec38a7c5c0e2eccc1f21c913f63857301,StellarCN/py-stellar-base,stellar_sdk/xdr/trust_line_flags.py,False,,0.0,,
line-too-long,d3fb0fbb204393cd30de4c4e825d5167c3b9b271,frappe/erpnext,erpnext/assets/doctype/asset_value_adjustment/asset_value_adjustment.py,False,,0.0,,
line-too-long,ad87ea65ee434bed3e643cfc78ded2c0ec174dfe,jeremiah-c-leary/vhdl-style-guide,vsg/rules/block/rule_505.py,True,,0.0,,
line-too-long,ad87ea65ee434bed3e643cfc78ded2c0ec174dfe,jeremiah-c-leary/vhdl-style-guide,vsg/rules/context/rule_004.py,True,,0.0,,
line-too-long,69835a061642a821d37ee2c0108b3ac7f5fbab4d,numba/llvmlite,llvmlite/binding/ffi.py,,,,,
line-too-long,d10f15e55806c6944827d801cd9c2d53f5da4186,wagtail/wagtail,wagtail/images/migrations/0014_add_filter_spec_field.py,False,,0.0,,
line-too-long,8779df5362a6851372cf3cea005a1c6c3096b19e,googleapis/python-aiplatform,google/cloud/aiplatform/training_utils/cloud_profiler/plugins/tensorflow/tf_profiler.py,False,,0.0,,
line-too-long,e6fe1d82029bdc5f4f5e913a31df9a2a71818480,openego/eDisGo,edisgo/tools/geo.py,False,,0.0,,
line-too-long,acd0d41227c527b06d847479749daca5ac2e0d8a,DemocracyClub/UK-Polling-Stations,polling_stations/apps/data_importers/management/commands/import_woking.py,False,,0.0,,
line-too-long,d10f15e55806c6944827d801cd9c2d53f5da4186,wagtail/wagtail,wagtail/users/migrations/0005_make_related_name_wagtail_specific.py,False,,0.0,,
line-too-long,b7a3187b454dae11e9ac93dcc8788f48f95c01cd,kiwix/kiwix-build,kiwixbuild/dependencies/zstd.py,False,,0.0,,
line-too-long,494bd9ef78313436f0424b918f200dab8fc7c20b,frappe/erpnext,erpnext/selling/report/pending_so_items_for_purchase_request/pending_so_items_for_purchase_request.py,False,,0.0,,
line-too-long,794c18bec0d65aabd9793e2c3d2a5eac8753184a,mitmproxy/mitmproxy,mitmproxy/addons/intercept.py,False,,0.0,,
line-too-long,6850e0fec38a7c5c0e2eccc1f21c913f63857301,StellarCN/py-stellar-base,stellar_sdk/xdr/ledger_upgrade_type.py,False,,0.0,,
line-too-long,ad87ea65ee434bed3e643cfc78ded2c0ec174dfe,jeremiah-c-leary/vhdl-style-guide,vsg/rules/package/rule_004.py,True,,0.0,,
line-too-long,7a403a317a454cae4da3e93ea8175266666ff11f,numba/llvmlite,llvmlite/binding/ffi.py,False,,0.0,,
line-too-long,b6c808389b14d8059e5fe76a6290e85f4b457314,openego/eDisGo,edisgo/network/timeseries.py,,,,,
line-too-long,8f1f02f94bc811e0d0fbd2d7cabd0577eb63cd5a,conan-io/conan,conan/tools/cmake/cmake.py,False,,0.0,,
line-too-long,42e87fc1ee7754b9f69f705c18499d335b5e4ce2,radiasoft/sirepo,sirepo/sim_api/jupyterhublogin.py,False,,3.0,,
line-too-long,9f2cfe6fb04118a733b57f72f74a30e1f72a5aaf,mapillary/OpenSfM,opensfm/mesh.py,False,,0.0,,
line-too-long,e6952cb7f993c37d4f71be4ba6779c94257656f6,frappe/erpnext,erpnext/buying/report/requested_items_to_order_and_receive/requested_items_to_order_and_receive.py,False,,0.0,,
line-too-long,9d3b44c05e82276ece613f8c7c51df239d533824,google/glazier,glazier/lib/config/base.py,False,,0.0,,
line-too-long,873a4471f017078787fba2615da8e3c35e2f8a0b,zmbc/shakespearelang,shakespearelang/shakespeare.py,False,,3.0,,
line-too-long,431c5873674cf184dc4f4f464df59dbb4fa4d894,catalyst-cooperative/pudl,src/pudl/output/pudltabl.py,False,,0.0,,
line-too-long,47a9aca0e705c7f493bbea0724b56333652d2982,frappe/bench,bench/app.py,,,,,
line-too-long,8f04c4b559eab93f28c155606106e9e86501cb5f,oppia/oppia,core/jobs/batch_jobs/exp_recommendation_computation_jobs.py,False,,0.0,,
line-too-long,ad87ea65ee434bed3e643cfc78ded2c0ec174dfe,jeremiah-c-leary/vhdl-style-guide,vsg/rules/block/rule_203.py,True,,0.0,,
line-too-long,33e4843e8839b87defcebe966063c5d04736854e,scikit-learn/scikit-learn,sklearn/utils/estimator_checks.py,False,,0.0,,
line-too-long,ad87ea65ee434bed3e643cfc78ded2c0ec174dfe,jeremiah-c-leary/vhdl-style-guide,vsg/rules/if_statement/rule_029.py,True,,0.0,,
line-too-long,ad87ea65ee434bed3e643cfc78ded2c0ec174dfe,jeremiah-c-leary/vhdl-style-guide,vsg/rules/generate/rule_012.py,True,,0.0,,
line-too-long,ad87ea65ee434bed3e643cfc78ded2c0ec174dfe,jeremiah-c-leary/vhdl-style-guide,vsg/rules/case/rule_015.py,True,,0.0,,
line-too-long,b4f5c4482e37045d75188bc3087196a70cdbe575,PyCQA/pylint,pylint/message/message_id_store.py,False,,0.0,,
line-too-long,a820c8a30f36c3a6dfe40245047e2c789de75711,jeremiah-c-leary/vhdl-style-guide,vsg/rules/function/rule_006.py,True,,0.0,,
line-too-long,eb47e6df3416883df8f07f137494e2f351f7f300,helfertool/helfertool,src/badges/migrations/0004_auto_20160306_1424.py,False,,0.0,,
line-too-long,ad87ea65ee434bed3e643cfc78ded2c0ec174dfe,jeremiah-c-leary/vhdl-style-guide,vsg/rules/procedure/rule_501.py,True,,0.0,,
line-too-long,b85542c31ca8afcff317e618da434f59fa06d122,pypa/virtualenv,src/virtualenv/report.py,False,,0.0,,
line-too-long,8f1afc30d496eba00a82a812954433663adb15d2,valohai/valohai-cli,valohai_cli/commands/execution/logs.py,False,,0.0,,
line-too-long,6850e0fec38a7c5c0e2eccc1f21c913f63857301,StellarCN/py-stellar-base,stellar_sdk/xdr/set_options_result_code.py,False,,0.0,,
line-too-long,ebf0291714e5886ab70733cdd5199d2ef52593f8,moodpulse/l2,users/management/commands/export_research.py,False,,0.0,,
line-too-long,7c2c21aab1b9a478274c174bbd387b9ba71f52d7,jeremiah-c-leary/vhdl-style-guide,vsg/rules/context/rule_026.py,False,,0.0,,
line-too-long,6be66a1e0bb9b1980f60a0eb1651bc5a718f30da,jab/bidict,bidict/_dup.py,False,,2.0,,
line-too-long,ad87ea65ee434bed3e643cfc78ded2c0ec174dfe,jeremiah-c-leary/vhdl-style-guide,vsg/rules/process/rule_013.py,True,,0.0,,
line-too-long,c203f3bc64b77dccedbc339a2c7805ea5db5cc9d,jeremiah-c-leary/vhdl-style-guide,vsg/rules/port_map/rule_007.py,False,,0.0,,
line-too-long,6850e0fec38a7c5c0e2eccc1f21c913f63857301,StellarCN/py-stellar-base,stellar_sdk/xdr/crypto_key_type.py,False,,0.0,,
line-too-long,81ded008a8470117ea261fd47fabfc42d7c612dd,ccxt/ccxt,examples/py/async-generator-basic.py,False,,0.0,,
line-too-long,eb47e6df3416883df8f07f137494e2f351f7f300,helfertool/helfertool,src/registration/migrations/0049_auto_20210806_1249.py,False,,0.0,,
line-too-long,ad87ea65ee434bed3e643cfc78ded2c0ec174dfe,jeremiah-c-leary/vhdl-style-guide,vsg/rules/architecture/rule_011.py,True,,0.0,,
line-too-long,1dc27f9b3b3e5720badcefded26ac7768f8d7e4d,fkie-cad/FACT_core,src/plugins/analysis/architecture_detection/code/architecture_detection.py,False,,0.0,,
line-too-long,561993d2b725ebdc643526420149185607e08aa4,streamlink/streamlink,src/streamlink/plugins/cdnbg.py,False,,1.0,,
line-too-long,be51fdff4a70684b5528b1153b776b6734cdb030,jeremiah-c-leary/vhdl-style-guide,vsg/rules/for_loop/rule_003.py,False,,1.0,,
line-too-long,49611346419bde7e4ea5de7923547ea806d1b40b,valohai/valohai-cli,valohai_cli/commands/execution/logs.py,False,,0.0,,
line-too-long,10295569025b12b054e7692deda55105d1e07283,jumpserver/jumpserver,apps/settings/serializers/auth/wecom.py,False,,0.0,,
line-too-long,c00c93a4bec008b1541c27b591ec098b438df459,NetworkManager/NetworkManager-ci,run/centos-ci/gitlab_junit.py,False,,0.0,,
line-too-long,69d7db44f6cccec9812a0aadbc7c0a9805802ae8,mittagessen/kraken,kraken/contrib/heatmap_overlay.py,True,,0.0,,
line-too-long,ad87ea65ee434bed3e643cfc78ded2c0ec174dfe,jeremiah-c-leary/vhdl-style-guide,vsg/rules/attribute_specification/rule_503.py,True,,0.0,,
line-too-long,fdf02d5523b537058eb599f3eb7ac0a43e2a2b3f,jeremiah-c-leary/vhdl-style-guide,vsg/rules/component/rule_008.py,False,,0.0,,
line-too-long,2365d8b9b5e8f1054c575818bf4a1684d2f9d121,facelessuser/ColorHelper,lib/coloraide/spaces/lch/css.py,False,,0.0,,
line-too-long,6e43fecb3942b98dfc6da24237662da40deb54f1,GPflow/GPflow,gpflow/optimizers/scipy.py,False,,2.0,,
line-too-long,0ea8dd34070d3bfc7be175068512e40714436da6,jeremiah-c-leary/vhdl-style-guide,vsg/rules/library/rule_007.py,False,,0.0,,
line-too-long,460ef47e8f76c1d1bae35ce45fbd05ac60dc347e,UrLab/DocHub,documents/admin.py,False,,0.0,,
line-too-long,ad87ea65ee434bed3e643cfc78ded2c0ec174dfe,jeremiah-c-leary/vhdl-style-guide,vsg/rules/package/rule_018.py,True,,0.0,,
line-too-long,8a242a39ca316d9d62381fcf3ec2b114fff6a9b8,catalyst-cooperative/pudl,src/pudl/output/ferc1.py,False,,0.0,,
line-too-long,7c2f53ea1185da6c7e43d48e71f9f0d726011029,pekrau/Publications,publications/utils.py,False,,0.0,,
line-too-long,71e02c4124717775374c47501c0639c9da3a568d,tensorflow/similarity,tensorflow_similarity/losses/simsiam.py,False,False,0.0,,
line-too-long,a820c8a30f36c3a6dfe40245047e2c789de75711,jeremiah-c-leary/vhdl-style-guide,vsg/rules/context/rule_003.py,True,,0.0,,
line-too-long,bbabe9bb6e602e89b6f487c77fa739bde4989cd2,UrLab/DocHub,catalog/views.py,False,,0.0,,
line-too-long,494bd9ef78313436f0424b918f200dab8fc7c20b,frappe/erpnext,erpnext/patches/v11_0/add_expense_claim_default_account.py,False,,0.0,,
line-too-long,c3b20ac25e0f52c1ebb85cce2217076dfdd0f3f1,DataDog/integrations-extras,stardog/datadog_checks/stardog/stardog.py,False,,3.0,,
line-too-long,b5222b381ef97984b7383e222bc6e721260f3c5e,Splawik/pytigon,pytigon/schserw/schsys/management/commands/createautouser.py,False,,0.0,,
line-too-long,328b8b336cf09c66130ad433eb929233ba020491,jeremiah-c-leary/vhdl-style-guide,vsg/rules/context/rule_004.py,False,,0.0,,
line-too-long,380d6856f9920391c3464067ddf3556c29d1cdbf,jeremiah-c-leary/vhdl-style-guide,vsg/rules/instantiation/rule_028.py,False,,1.0,,
line-too-long,ad87ea65ee434bed3e643cfc78ded2c0ec174dfe,jeremiah-c-leary/vhdl-style-guide,vsg/rules/package_body/rule_501.py,True,,0.0,,
line-too-long,eb47e6df3416883df8f07f137494e2f351f7f300,helfertool/helfertool,src/help/migrations/0004_auto_20210423_1854.py,False,,0.0,,
line-too-long,a869b53e7ef723246c6f3e9ea443e9e076f1665c,Azure/azure-sdk-for-python,sdk/keyvault/azure-keyvault-administration/azure/keyvault/administration/_internal/client_base.py,,,,,
line-too-long,feb1534fa00ae53a19bf9816e786db4777f4542f,streamlink/streamlink,src/streamlink/utils/l10n.py,False,,1.0,,
line-too-long,4ae0382f402da81310f569688cd19d640ff4915e,nstoik/farm_monitor,api/fm_api/app.py,True,,0.0,,
line-too-long,ea14f698e3fec5ca3e757295ca8307d1b28c62d2,virtool/virtool,virtool/uploads/api.py,False,False,0.0,,
line-too-long,e6e287446a289bce19f8a4d9f97bd415d1084bbc,ceph/teuthology,teuthology/orchestra/cluster.py,False,,0.0,,
line-too-long,230b084a0fab8940e129f50c85ab78f474267e37,helfertool/helfertool,src/mail/views/list_mails.py,False,,0.0,,
line-too-long,ad87ea65ee434bed3e643cfc78ded2c0ec174dfe,jeremiah-c-leary/vhdl-style-guide,vsg/rules/port/rule_017.py,True,,0.0,,
line-too-long,c28cd1363f9fcf3bb9c7769615e02bfc08ba45b1,dedupeio/dedupe,dedupe/training.py,False,,0.0,,
line-too-long,65287306157b4e2c2fb62e77dd87d5cec3ea0be9,openego/eDisGo,edisgo/tools/tools.py,False,,0.0,,
line-too-long,6850e0fec38a7c5c0e2eccc1f21c913f63857301,StellarCN/py-stellar-base,stellar_sdk/xdr/allow_trust_result_code.py,False,,0.0,,
line-too-long,6d68a5176bfb6efec6ba1c6b6f4db45973a35191,spulec/moto,moto/ec2/responses/customer_gateways.py,False,,0.0,,
line-too-long,ad87ea65ee434bed3e643cfc78ded2c0ec174dfe,jeremiah-c-leary/vhdl-style-guide,vsg/rules/instantiation/rule_027.py,True,,0.0,,
line-too-long,b5222b381ef97984b7383e222bc6e721260f3c5e,Splawik/pytigon,pytigon/manage.py,False,,0.0,,
line-too-long,494bd9ef78313436f0424b918f200dab8fc7c20b,frappe/erpnext,erpnext/selling/doctype/customer/customer_dashboard.py,False,,0.0,,
line-too-long,a820c8a30f36c3a6dfe40245047e2c789de75711,jeremiah-c-leary/vhdl-style-guide,vsg/rules/generate/rule_004.py,True,,0.0,,
line-too-long,c117fa55f6056fc1ac97f55c13c51308545a7ddc,jeremiah-c-leary/vhdl-style-guide,vsg/rules/entity/rule_003.py,False,,0.0,,
line-too-long,d42b4e9cd1f908d4fdf7dca1244878dda6d19611,PanDAWMS/panda-bigmon-core,core/iDDS/views.py,False,,0.0,,
line-too-long,e7bcf7afca6feba49885d413a9d336fcb1f7dc4b,Splawik/pytigon,pytigon/prj/_schdata/schelements/models.py,False,,0.0,,
line-too-long,ad87ea65ee434bed3e643cfc78ded2c0ec174dfe,jeremiah-c-leary/vhdl-style-guide,vsg/rules/process/rule_009.py,True,,0.0,,
line-too-long,a95bd0487335334a5da2850a543e404412d6ed0a,jeremiah-c-leary/vhdl-style-guide,vsg/rules/context/rule_026.py,False,,0.0,,
line-too-long,d10f15e55806c6944827d801cd9c2d53f5da4186,wagtail/wagtail,wagtail/admin/migrations/0002_admin.py,False,,0.0,,
line-too-long,b4f5c4482e37045d75188bc3087196a70cdbe575,PyCQA/pylint,pylint/utils/utils.py,False,,0.0,,
line-too-long,661de20bd5806eb761f5adef7a572019f2593985,apache/allura,Allura/allura/lib/solr.py,False,,0.0,,
line-too-long,494bd9ef78313436f0424b918f200dab8fc7c20b,frappe/erpnext,erpnext/accounts/report/billed_items_to_be_received/billed_items_to_be_received.py,False,,0.0,,
line-too-long,b3587b52b25077f68116b9852b041d33e7fc6601,mitmproxy/mitmproxy,mitmproxy/addons/serverplayback.py,False,,0.0,,
line-too-long,ad87ea65ee434bed3e643cfc78ded2c0ec174dfe,jeremiah-c-leary/vhdl-style-guide,vsg/rules/procedure/rule_500.py,True,,0.0,,
line-too-long,ad87ea65ee434bed3e643cfc78ded2c0ec174dfe,jeremiah-c-leary/vhdl-style-guide,vsg/rules/entity_specification/rule_503.py,True,,0.0,,
line-too-long,ad87ea65ee434bed3e643cfc78ded2c0ec174dfe,jeremiah-c-leary/vhdl-style-guide,vsg/rules/signal/rule_004.py,True,,0.0,,
line-too-long,b4fdf6d57259b1def67db3b816fddccdacd81868,catalyst-cooperative/pudl,src/pudl/output/ferc1.py,False,,1.0,,
line-too-long,d10f15e55806c6944827d801cd9c2d53f5da4186,wagtail/wagtail,wagtail/contrib/redirects/wagtail_hooks.py,False,,0.0,,
line-too-long,494bd9ef78313436f0424b918f200dab8fc7c20b,frappe/erpnext,erpnext/accounts/report/dimension_wise_accounts_balance_report/dimension_wise_accounts_balance_report.py,False,,0.0,,
line-too-long,bec0cd9f5f08a09391a93ce0d51bc3e79be220d5,DemocracyClub/UK-Polling-Stations,polling_stations/apps/data_importers/management/commands/import_coventry.py,False,,0.0,,
line-too-long,ad87ea65ee434bed3e643cfc78ded2c0ec174dfe,jeremiah-c-leary/vhdl-style-guide,vsg/rules/architecture/rule_021.py,True,,0.0,,
line-too-long,6850e0fec38a7c5c0e2eccc1f21c913f63857301,StellarCN/py-stellar-base,stellar_sdk/xdr/transaction_result_code.py,False,,0.0,,
line-too-long,6850e0fec38a7c5c0e2eccc1f21c913f63857301,StellarCN/py-stellar-base,stellar_sdk/xdr/operation_type.py,False,,0.0,,
line-too-long,cefd6c9db6fa919e031a1d642daa282bc6d1c8d8,astropy/astropy,astropy/modeling/bounding_box.py,False,,0.0,,
line-too-long,e96806b92b2297f4310d51129099d6e63d428c03,openego/eDisGo,edisgo/tools/plots.py,,,,,
line-too-long,6f5d5dece1e884ce8a3f260dd68f9dfb4278618e,openego/eDisGo,edisgo/tools/tools.py,False,,0.0,,
line-too-long,00b5ea5fdca91697a051754d0ce46be024badca9,envoyproxy/envoy,tools/protodoc/generate_empty.py,False,,0.0,,
line-too-long,a869b53e7ef723246c6f3e9ea443e9e076f1665c,Azure/azure-sdk-for-python,sdk/keyvault/azure-keyvault-certificates/azure/keyvault/certificates/_shared/client_base.py,,,,,
line-too-long,076a342ff4d3406daea8de54864d480c1835aa0c,CorralPeltzer/newTrackon,newTrackon/trackon.py,False,,1.0,,
line-too-long,ad87ea65ee434bed3e643cfc78ded2c0ec174dfe,jeremiah-c-leary/vhdl-style-guide,vsg/rules/package/rule_006.py,True,,0.0,,
line-too-long,3b408f23f50889c7d1c6fee9329c76b739b9f667,MIT-LCP/wfdb-python,wfdb/io/download.py,False,,0.0,,
line-too-long,494bd9ef78313436f0424b918f200dab8fc7c20b,frappe/erpnext,erpnext/accounts/doctype/bank_statement_import/bank_statement_import.py,False,,0.0,,
line-too-long,8cc5e04b8a54060de8a707f9a6dd25f1ddd10db5,ECP-CANDLE/Benchmarks,Pilot1/UnoMT/unoMT_pytorch_model.py,False,,0.0,,
line-too-long,77054217cc1ee7c2130f2649738c8bf88fdd48ca,DemocracyClub/UK-Polling-Stations,polling_stations/apps/data_importers/management/commands/import_southwark.py,False,,0.0,,
line-too-long,ad87ea65ee434bed3e643cfc78ded2c0ec174dfe,jeremiah-c-leary/vhdl-style-guide,vsg/rules/process/rule_015.py,True,,0.0,,
line-too-long,48eb6a685f43ac18e8bb6184cd689455e6040331,radiasoft/sirepo,sirepo/sim_data/zgoubi.py,False,,0.0,,
line-too-long,ad87ea65ee434bed3e643cfc78ded2c0ec174dfe,jeremiah-c-leary/vhdl-style-guide,vsg/rules/subtype/rule_600.py,True,,0.0,,
line-too-long,705380d5e010d0953be20b93bdd5c7f77ad0e1c3,GPflow/GPflow,gpflow/models/util.py,False,,0.0,,
line-too-long,2fa2f7178d122fa3299b13ed0f2bb93e4fe7d6d5,frappe/erpnext,erpnext/buying/doctype/supplier/supplier.py,False,False,0.0,,
line-too-long,7225df8b9db9eb5b210c8b41597ad1d64eed5c3b,jeremiah-c-leary/vhdl-style-guide,vsg/vhdlFile/classify/interface_file_declaration.py,True,,0.0,,
line-too-long,ad87ea65ee434bed3e643cfc78ded2c0ec174dfe,jeremiah-c-leary/vhdl-style-guide,vsg/rules/library/rule_005.py,True,,0.0,,
line-too-long,c8ea847616bd757d4ccd073f45a41f64c93cb518,the-blue-alliance/the-blue-alliance,src/backend/common/queries/mobile_client_query.py,False,,1.0,,
line-too-long,2e311c1b3a2dfafb14b27254be8d3141dd2169ae,JamesJeffryes/MINE-Database,minedatabase/metabolomics.py,False,,0.0,,
line-too-long,f6eee9a810190d14770eb1f31072e4e09c76a10a,explosion/thinc,thinc/layers/residual.py,False,,0.0,,
line-too-long,d10f15e55806c6944827d801cd9c2d53f5da4186,wagtail/wagtail,wagtail/admin/views/generic/models.py,False,,0.0,,
line-too-long,c6442aa9e509aace1201390ea4c2d6a80e3d0800,ceph/teuthology,teuthology/orchestra/cluster.py,False,,1.0,,
line-too-long,b3587b52b25077f68116b9852b041d33e7fc6601,mitmproxy/mitmproxy,mitmproxy/hooks.py,False,,0.0,,
line-too-long,ad87ea65ee434bed3e643cfc78ded2c0ec174dfe,jeremiah-c-leary/vhdl-style-guide,vsg/rules/port/rule_008.py,True,,0.0,,
line-too-long,c203f3bc64b77dccedbc339a2c7805ea5db5cc9d,jeremiah-c-leary/vhdl-style-guide,vsg/rules/generic_map/rule_007.py,False,,0.0,,
line-too-long,3645fd34e4bef73c5ad869e1ca197af1686aada1,conan-io/conan,conan/tools/cmake/cmake.py,False,,0.0,,
line-too-long,b93b63ea0329d2636cc147f7486d77fd40d839d6,jeremiah-c-leary/vhdl-style-guide,vsg/rules/architecture/rule_014.py,False,,0.0,,
line-too-long,c203f3bc64b77dccedbc339a2c7805ea5db5cc9d,jeremiah-c-leary/vhdl-style-guide,vsg/rules/context/rule_002.py,False,,0.0,,
line-too-long,1863c6eeb8ebe04ced89b9d1f2e3c0a511a6bf25,astropy/astropy,astropy/utils/iers/iers.py,False,,0.0,,
line-too-long,ad87ea65ee434bed3e643cfc78ded2c0ec174dfe,jeremiah-c-leary/vhdl-style-guide,vsg/rules/architecture/rule_019.py,True,,0.0,,
line-too-long,7f393f66bf89e50532fdfbc14d1bb844847d2c00,DigitalCampus/django-oppia,oppia/migrations/0041_auto_20210816_1057.py,False,,0.0,,
line-too-long,ad87ea65ee434bed3e643cfc78ded2c0ec174dfe,jeremiah-c-leary/vhdl-style-guide,vsg/rules/case/rule_016.py,True,,0.0,,
line-too-long,d10f15e55806c6944827d801cd9c2d53f5da4186,wagtail/wagtail,wagtail/documents/migrations/0001_initial.py,False,,0.0,,
line-too-long,494bd9ef78313436f0424b918f200dab8fc7c20b,frappe/erpnext,erpnext/patches/v14_0/rename_ongoing_status_in_sla_documents.py,False,,0.0,,
line-too-long,c6667a9490e35f822dba7acf378c6f0d35d1c2ab,openego/eDisGo,edisgo/network/timeseries.py,False,,0.0,,
line-too-long,6850e0fec38a7c5c0e2eccc1f21c913f63857301,StellarCN/py-stellar-base,stellar_sdk/xdr/manage_data_result_code.py,False,,0.0,,
line-too-long,4bc8b373760411021518e967b3626b1e1430930d,dedupeio/dedupe,dedupe/training.py,,,,,
line-too-long,8a791d20b3bce6d2f5b810d8671125c1bbe5f435,mapillary/OpenSfM,opensfm/synthetic_data/synthetic_scene.py,False,,0.0,,
line-too-long,d4fd3481450e6db2a05203253c8f6fd05f3ea07f,catalyst-cooperative/pudl,src/pudl/output/ferc1.py,False,,31.0,,
line-too-long,835b605cb6b80acd63c11074391a13e2a70c0cbc,kbase/narrative,src/biokbase/narrative/jobs/util.py,False,,0.0,,
line-too-long,d10f15e55806c6944827d801cd9c2d53f5da4186,wagtail/wagtail,wagtail/images/migrations/0013_make_rendition_upload_callable.py,False,,0.0,,
line-too-long,e0fdfa52b94d889e8ab9c1184f901cb3d89df3d0,jumpserver/jumpserver,apps/settings/serializers/terminal.py,False,,0.0,,
line-too-long,5578999a90e439fbca06fc0ffc98f4d04e96f7b4,mongodb/mongo-python-driver,bson/binary.py,False,,0.0,,
line-too-long,3c54013548717842d86b290f1fd2cfc8831f89f5,zentralopensource/zentral,zentral/contrib/puppet/urls.py,False,,0.0,,
line-too-long,6218b9dbfaab16a6ccec1bf86831cd163ef31e58,dials/dials,doc/sphinx/update_release_list.py,False,,3.0,,
line-too-long,b464dc9304ca4106c9392f3f85cb9ad9805a78c2,wellenvogel/avnav,server/handler/layouthandler.py,False,,1.0,,
line-too-long,26b1ae03b8476982639724d66c883766bb66ed74,ikvk/imap_tools,examples/tls.py,False,,0.0,,
line-too-long,c021ce7b959f3d4c23d9c789cbca9e14fd0168de,conan-io/conan,conan/tools/cmake/cmake.py,False,,1.0,,
line-too-long,494bd9ef78313436f0424b918f200dab8fc7c20b,frappe/erpnext,erpnext/stock/dashboard/item_dashboard.py,False,,0.0,,
line-too-long,bc686759ebd1a76f47c54d5253ee8418ee646c95,GPflow/GPflow,gpflow/models/util.py,False,,0.0,,
line-too-long,e259d2a9e9167c58fa75a78d1050dd5dcfde96f4,jumpserver/jumpserver,apps/users/filters.py,False,,2.0,,
line-too-long,1b6eca8423b1e6f8e81207a46067227d74e44558,ROCmSoftwarePlatform/rocFFT,scripts/perf/perflib/build.py,False,,0.0,,
line-too-long,ad87ea65ee434bed3e643cfc78ded2c0ec174dfe,jeremiah-c-leary/vhdl-style-guide,vsg/rules/block/rule_205.py,True,,0.0,,
line-too-long,b3587b52b25077f68116b9852b041d33e7fc6601,mitmproxy/mitmproxy,mitmproxy/addons/mapremote.py,False,,0.0,,
line-too-long,6c3853a325b89fb356100bfe595ddd4a7214cdae,pypa/pip,src/pip/_vendor/requests/adapters.py,False,,0.0,,
line-too-long,d0884fbdfc3d0e7073f5f2812f0ca0134b65074c,xupingmao/xnote,app.py,False,,0.0,,
line-too-long,03a9a9fe2919a2e3509af8880716702bd28f961b,eljost/pysisyphus,pysisyphus/cos/GrowingString.py,False,,1.0,,
line-too-long,c9e5dffefe3159db0449e7281adcf9f5963a8e62,jeremiah-c-leary/vhdl-style-guide,vsg/rules/entity/rule_012.py,False,,1.0,,
line-too-long,8cc5e04b8a54060de8a707f9a6dd25f1ddd10db5,ECP-CANDLE/Benchmarks,examples/image-vae/dataloader.py,False,,0.0,,
line-too-long,6850e0fec38a7c5c0e2eccc1f21c913f63857301,StellarCN/py-stellar-base,stellar_sdk/xdr/bucket_entry_type.py,False,,0.0,,
line-too-long,c203f3bc64b77dccedbc339a2c7805ea5db5cc9d,jeremiah-c-leary/vhdl-style-guide,vsg/rules/generic/rule_014.py,False,,0.0,,
line-too-long,9c1f34444fc79369b09236fe2f2f81dfa14fe3d3,kiwitcms/Kiwi,tcms/settings/common.py,False,,0.0,,
line-too-long,ad87ea65ee434bed3e643cfc78ded2c0ec174dfe,jeremiah-c-leary/vhdl-style-guide,vsg/rules/process/rule_022.py,True,,0.0,,
line-too-long,09eb6c67b25799cc63eb97de66fd24f7b2125e14,ligo-cbc/pycbc,pycbc/workflow/minifollowups.py,False,,0.0,,
line-too-long,f9c0d67431b48d99b3d001c02bd93b570230da1d,conan-io/conan,conan/tools/cmake/cmake.py,False,,1.0,,
line-too-long,80c0d4fd35d9917e3120a8cd8f6b30c756a0a5ed,f-droid/fdroidclient,tools/pick-complete-translations.py,False,,0.0,,
line-too-long,3c2d10a438cc35c3d4123afd1d3db8d3569f20f9,nyu-devops/lab-flask-bdd,service/routes.py,False,,0.0,,
line-too-long,2365d8b9b5e8f1054c575818bf4a1684d2f9d121,facelessuser/ColorHelper,lib/coloraide/spaces/lab/css.py,False,,0.0,,
line-too-long,0b1a9e804fc9e2353096b485ac08656fbec3cc7b,cobbler/cobbler,docs/conf.py,False,,0.0,,
line-too-long,8ae4efb2b58c5772dc7ff4c916e3e02ec1f71fc0,google/skia,infra/bots/recipe_modules/gsutil/api.py,False,,0.0,,
line-too-long,d10f15e55806c6944827d801cd9c2d53f5da4186,wagtail/wagtail,wagtail/admin/views/pages/listing.py,False,,0.0,,
line-too-long,116a4c8340b729ffde43be33df24d417384cb28b,matrix-org/synapse,synapse/handlers/receipts.py,False,,0.0,,
line-too-long,f41116c5fcccaf87e84582ceeff22f7684e0d607,reclosedev/requests-cache,requests_cache/backends/redis.py,False,,1.0,,
line-too-long,6500ef404daca020b3eebdb16f31ef1e3c7c7153,frappe/erpnext,erpnext/stock/doctype/item_attribute/item_attribute.py,False,,0.0,,
line-too-long,326c1cb22ca370e486d043477cac023dacb76654,johntellsall/shotglass,shotglass/app/draw.py,False,,0.0,,
line-too-long,494bd9ef78313436f0424b918f200dab8fc7c20b,frappe/erpnext,erpnext/regional/doctype/import_supplier_invoice/import_supplier_invoice.py,False,,0.0,,
line-too-long,c8da163a9515d7fa60e5b5bfb0420253f30cc0b6,stakira/OpenUtau,Misc/sync_strings.py,False,,0.0,,
line-too-long,6850e0fec38a7c5c0e2eccc1f21c913f63857301,StellarCN/py-stellar-base,stellar_sdk/xdr/signer_key_type.py,False,,0.0,,
line-too-long,e5716b631c6fe0b0a8510f16a5bffddb6396f434,matrix-org/synapse,synapse/push/bulk_push_rule_evaluator.py,False,,0.0,,
line-too-long,b0e6c279d7d5e4fb1bf66bc6d6c5e194fd4df5b0,MarxMustermann/OfMiceAndMechs,src/itemFolder/industry/scrapCompactor.py,False,,0.0,,
line-too-long,c962881e7ad9c909d2a1191e75fadd425fa61750,jeremiah-c-leary/vhdl-style-guide,vsg/rules/variable/rule_004.py,False,,1.0,,
line-too-long,bb911b5e5a4a06d32c98e5f7951a9afe31f96081,frappe/bench,bench/app.py,False,,0.0,,
line-too-long,8544732dbf81b5ee58ad8e02c4de0c99e61e6c15,DemocracyClub/UK-Polling-Stations,polling_stations/apps/data_importers/management/commands/import_colchester.py,False,,0.0,,
line-too-long,583b98483743b8f6b24b5a6225a3822cefb3be7f,espressif/esp-idf,tools/esp_prov/prov/custom_prov.py,False,,0.0,,
line-too-long,ebc430c2e94bd303ee2600f3ca26a2d9026a7acf,aerospike/aerospike-admin,lib/view/sheet/render/base_rsheet.py,False,,0.0,,
line-too-long,d0472bd7bfd6d0d7f5d7418a5c7be1fc99b9e31c,openego/eDisGo,edisgo/tools/plots.py,False,,1.0,,
line-too-long,99586affda282f43e6a295ac818b590c280d0e5c,pantsbuild/pants,src/python/pants/backend/terraform/lint/tffmt/tffmt.py,False,,0.0,,
line-too-long,98d1954cf7cad1c61d11522a1da51a456d6f8d78,conan-io/conan,conan/tools/cmake/cmake.py,False,,1.0,,
line-too-long,494bd9ef78313436f0424b918f200dab8fc7c20b,frappe/erpnext,erpnext/accounts/doctype/cashier_closing/cashier_closing.py,False,,0.0,,
line-too-long,bc686759ebd1a76f47c54d5253ee8418ee646c95,GPflow/GPflow,gpflow/models/training_mixins.py,False,,0.0,,
line-too-long,2ee8582a84aa7515dcf94e10d712dec7ba3a4bdb,Tuxemon/Tuxemon,tuxemon/map_loader.py,False,,0.0,,
line-too-long,ad87ea65ee434bed3e643cfc78ded2c0ec174dfe,jeremiah-c-leary/vhdl-style-guide,vsg/rules/package_body/rule_600.py,True,,0.0,,
line-too-long,6820bbc266e7875bf76e015feb0533cebe95ebf0,jeremiah-c-leary/vhdl-style-guide,vsg/rules/instantiation/rule_008.py,False,,0.0,,
line-too-long,d10f15e55806c6944827d801cd9c2d53f5da4186,wagtail/wagtail,wagtail/documents/migrations/0005_alter_uploaded_by_user_on_delete_action.py,False,,0.0,,
line-too-long,6f5d5dece1e884ce8a3f260dd68f9dfb4278618e,openego/eDisGo,edisgo/network/timeseries.py,False,,0.0,,
line-too-long,9b3cf967d8d9de4b03ab5ed603e828bf8f204a28,fkie-cad/FACT_core,src/flask_app_wrapper.py,False,,1.0,,
line-too-long,e32e712dea240b0f7d6028ca585c7fe2afe99327,nextstrain/augur,docs/conf.py,False,,0.0,,
line-too-long,a820c8a30f36c3a6dfe40245047e2c789de75711,jeremiah-c-leary/vhdl-style-guide,vsg/rules/package/rule_003.py,True,,0.0,,
line-too-long,b58d0eb5bd652011c738c7cb60b0242efe24dec3,tensorflow/tflite-support,tensorflow_lite_support/python/task/vision/image_embedder.py,False,,0.0,,
line-too-long,341e3868b745b50208100fa452dfaf499f9c2271,jggatc/pyj2d,pyj2d/key.py,False,False,0.0,,
line-too-long,bd441859a8ff1212a657586d293357be5042a833,pythonprobr/pythonpro-website,pythonpro/core/admin.py,False,,1.0,,
line-too-long,48eb6a685f43ac18e8bb6184cd689455e6040331,radiasoft/sirepo,sirepo/template/elegant_command_parser.py,False,,0.0,,
line-too-long,1a28632c8234b8bed4944d19109e029d2017fb73,automl/auto-sklearn,autosklearn/data/feature_validator.py,False,,0.0,,
line-too-long,6850e0fec38a7c5c0e2eccc1f21c913f63857301,StellarCN/py-stellar-base,stellar_sdk/xdr/ledger_entry_change_type.py,False,,0.0,,
line-too-long,bb12ebd389864bbba8c2c9e15ab808efae54e660,MozillaSecurity/FuzzManager,server/covmanager/tasks.py,False,,0.0,,
line-too-long,beaca4195d700c944f0f7b098e267a509f78acb4,conan-io/conan,conan/tools/cmake/cmake.py,False,,0.0,,
line-too-long,48609126b1c03a4967d6ef5b3e78da63fd96bdd5,xupingmao/xnote,handlers/system/system_info.py,,,,,
line-too-long,ad87ea65ee434bed3e643cfc78ded2c0ec174dfe,jeremiah-c-leary/vhdl-style-guide,vsg/rules/signal/rule_010.py,True,,0.0,,
line-too-long,730e931440f028a8c5f0be80078e6f443f1fc644,UtrechtUniversity/yoda-portal,stats/stats.py,False,False,0.0,,
line-too-long,460ef47e8f76c1d1bae35ce45fbd05ac60dc347e,UrLab/DocHub,users/authBackend.py,False,,0.0,,
line-too-long,80b42860e19e08561a47a4f6dbf0740d126a2a23,UrLab/DocHub,users/models.py,False,,0.0,,
line-too-long,2ee8582a84aa7515dcf94e10d712dec7ba3a4bdb,Tuxemon/Tuxemon,tuxemon/mod_manager/tuxemoncontentserver.py,False,,0.0,,
line-too-long,494bd9ef78313436f0424b918f200dab8fc7c20b,frappe/erpnext,erpnext/patches/v12_0/stock_entry_enhancements.py,False,,0.0,,
line-too-long,e8918f4cee7d03cc574f848e835677312fe112fc,conan-io/conan,conan/tools/cmake/cmake.py,False,,1.0,,
line-too-long,a820c8a30f36c3a6dfe40245047e2c789de75711,jeremiah-c-leary/vhdl-style-guide,vsg/rules/type_definition/rule_010.py,True,,0.0,,
line-too-long,ad87ea65ee434bed3e643cfc78ded2c0ec174dfe,jeremiah-c-leary/vhdl-style-guide,vsg/rules/port/rule_019.py,True,,0.0,,
line-too-long,d6afe6f2cb0017e2d6b3ac7747df073857f5c242,kovidgoyal/kitty,__main__.py,False,,0.0,,
line-too-long,b3587b52b25077f68116b9852b041d33e7fc6601,mitmproxy/mitmproxy,mitmproxy/contentviews/css.py,False,,0.0,,
line-too-long,f6bcce204042e2201fca214f5314e2972462a0d0,calico/basenji,basenji/gene.py,False,False,0.0,,
line-too-long,494bd9ef78313436f0424b918f200dab8fc7c20b,frappe/erpnext,erpnext/patches/v13_0/convert_qi_parameter_to_link_field.py,False,,0.0,,
line-too-long,3ad8a732f51952a4cfb06e88729c7671f268d32c,deepmind/dm_robotics,py/moma/sensors/camera_sensor.py,False,,0.0,,
line-too-long,f1844789d774092f8670edadc6c1b437623c0f91,mmgen/mmgen,mmgen/rpc.py,False,,0.0,,
line-too-long,9eed9bdea80797b5a1739ee11a48e213e8debf22,Alexey-T/CudaText,app/cudatext.app/Contents/Resources/py/sys/requests/adapters.py,False,,0.0,,
line-too-long,e998977e05ddc6937de9ee6f8229c3661b219614,pekrau/Publications,publications/utils.py,False,,0.0,,
line-too-long,d9b0c6fbf7aa5bd9af84264105b39c82028a4a29,FDio/vpp,src/plugins/nat/extras/nat_10ks.py,False,,0.0,,
line-too-long,ad87ea65ee434bed3e643cfc78ded2c0ec174dfe,jeremiah-c-leary/vhdl-style-guide,vsg/rules/package_body/rule_507.py,True,,0.0,,
line-too-long,d10f15e55806c6944827d801cd9c2d53f5da4186,wagtail/wagtail,wagtail/admin/migrations/0003_admin_managed.py,False,,0.0,,
line-too-long,4648f0bbbc3920bdac5dae36a826de8ae191463d,gajim/gajim,gajim/common/jingle_transport.py,False,,0.0,,
line-too-long,494bd9ef78313436f0424b918f200dab8fc7c20b,frappe/erpnext,erpnext/selling/report/sales_person_commission_summary/sales_person_commission_summary.py,False,,0.0,,
line-too-long,173dc366113d1f17e5ff3b79f8e50f13abc7cc7e,tensorflow/model-analysis,tensorflow_model_analysis/utils/model_util.py,False,,0.0,,
line-too-long,ad87ea65ee434bed3e643cfc78ded2c0ec174dfe,jeremiah-c-leary/vhdl-style-guide,vsg/rules/package/rule_010.py,True,,0.0,,
line-too-long,2c8364818fe0bc1ae790a8d6d673262f730d1597,ceph/teuthology,teuthology/orchestra/cluster.py,False,,0.0,,
line-too-long,bdf9b06f103f2a18027aae320235e4d6ed42adb3,RDFLib/rdflib,rdflib/plugins/shared/jsonld/context.py,True,,0.0,,
line-too-long,6fcd0fa8377e0ffb29a94bccfec6f896ba019ef9,jeremiah-c-leary/vhdl-style-guide,vsg/rules/architecture/rule_013.py,False,,0.0,,
line-too-long,ad87ea65ee434bed3e643cfc78ded2c0ec174dfe,jeremiah-c-leary/vhdl-style-guide,vsg/rules/procedure_call/rule_500.py,True,,0.0,,
line-too-long,1f4cedf56a342ed4b1e1e5dea69e037dd1f8083f,spesmilo/electrum,electrum/gui/qt/paytoedit.py,False,,8.0,,
line-too-long,d9bb698d9ca504eac5811a0e619ecf91095e22b4,DemocracyClub/UK-Polling-Stations,polling_stations/apps/data_importers/management/commands/import_winchester.py,False,,0.0,,
line-too-long,90030c0572984b3679bfd1cd1b4b4e589cabd216,DemocracyClub/UK-Polling-Stations,polling_stations/apps/data_importers/management/commands/import_waltham_forest.py,False,,0.0,,
line-too-long,bb12ebd389864bbba8c2c9e15ab808efae54e660,MozillaSecurity/FuzzManager,FTB/ProgramConfiguration.py,False,,0.0,,
line-too-long,35028182f0c4f4c3b3695b9a7608f18ed36868a4,ray-project/ray,python/ray/autoscaler/_private/resource_demand_scheduler.py,False,,0.0,,
line-too-long,ad87ea65ee434bed3e643cfc78ded2c0ec174dfe,jeremiah-c-leary/vhdl-style-guide,vsg/rules/architecture/rule_028.py,True,,0.0,,
line-too-long,86cfdcc5c1cfa768eb181843150e70081831e1f9,KE-works/pykechain,pykechain/models/sidebar/sidebar_button.py,False,,0.0,,
line-too-long,d10f15e55806c6944827d801cd9c2d53f5da4186,wagtail/wagtail,wagtail/users/templatetags/wagtailusers_tags.py,False,,0.0,,
line-too-long,494bd9ef78313436f0424b918f200dab8fc7c20b,frappe/erpnext,erpnext/manufacturing/report/bom_stock_report/bom_stock_report.py,False,,0.0,,
line-too-long,3119bbc4d4d029ba8e1a1250d85a34166bdee655,openego/eDisGo,edisgo/tools/tools.py,False,,0.0,,
line-too-long,eb47e6df3416883df8f07f137494e2f351f7f300,helfertool/helfertool,src/registration/migrations/0041_add_new_admins.py,False,,0.0,,
line-too-long,8979f0db7b60cf4f01ec2dfec40668ab1eea404a,nortikin/sverchok,core/socket_data.py,False,,14.0,,
line-too-long,20b9648c7ba6803e87cdc977a8a378315ea2de9e,jepegit/cellpy,cellpy/parameters/prms.py,False,,0.0,,
line-too-long,ad87ea65ee434bed3e643cfc78ded2c0ec174dfe,jeremiah-c-leary/vhdl-style-guide,vsg/rules/package_body/rule_504.py,True,,0.0,,
line-too-long,0e00a1e981ed4aabd3140c6a4536ed21a7dc5343,voussoir/etiquette,frontends/etiquette_flask/backend/endpoints/tag_endpoints.py,False,,0.0,,
line-too-long,494bd9ef78313436f0424b918f200dab8fc7c20b,frappe/erpnext,erpnext/selling/report/territory_wise_sales/territory_wise_sales.py,False,,0.0,,
line-too-long,6850e0fec38a7c5c0e2eccc1f21c913f63857301,StellarCN/py-stellar-base,stellar_sdk/xdr/inflation_result_code.py,False,,0.0,,
line-too-long,ad87ea65ee434bed3e643cfc78ded2c0ec174dfe,jeremiah-c-leary/vhdl-style-guide,vsg/rules/attribute_specification/rule_501.py,True,,0.0,,
line-too-long,ad87ea65ee434bed3e643cfc78ded2c0ec174dfe,jeremiah-c-leary/vhdl-style-guide,vsg/rules/package_body/rule_203.py,True,,0.0,,
line-too-long,ad87ea65ee434bed3e643cfc78ded2c0ec174dfe,jeremiah-c-leary/vhdl-style-guide,vsg/rules/signal/rule_600.py,True,,0.0,,
line-too-long,9f516fc8500192deafd63293fe5712de572aef68,CompassionCH/compassion-switzerland,partner_communication_switzerland/models/partner_communication_config.py,False,,1.0,,
line-too-long,fc65e7f83c2a13cf6767cd9ca8988fbcaee61ea1,ewels/MultiQC,multiqc/__main__.py,False,,1.0,,
line-too-long,7664569cee84493a820a31eb8e1e69f83c2e75ac,DemocracyClub/UK-Polling-Stations,polling_stations/apps/data_importers/management/commands/import_coventry.py,False,,0.0,,
line-too-long,a820c8a30f36c3a6dfe40245047e2c789de75711,jeremiah-c-leary/vhdl-style-guide,vsg/rules/entity/rule_003.py,True,,0.0,,
line-too-long,c117fa55f6056fc1ac97f55c13c51308545a7ddc,jeremiah-c-leary/vhdl-style-guide,vsg/rules/architecture/rule_003.py,False,,0.0,,
line-too-long,c203f3bc64b77dccedbc339a2c7805ea5db5cc9d,jeremiah-c-leary/vhdl-style-guide,vsg/rules/case/rule_006.py,False,,0.0,,
line-too-long,501a8f58db2ded6888b2ee9466d5b2a388486f9f,hyperspy/hyperspy,hyperspy/misc/utils.py,False,,0.0,,
line-too-long,ad87ea65ee434bed3e643cfc78ded2c0ec174dfe,jeremiah-c-leary/vhdl-style-guide,vsg/rules/instantiation/rule_601.py,True,,0.0,,
line-too-long,7f393f66bf89e50532fdfbc14d1bb844847d2c00,DigitalCampus/django-oppia,profile/views/manage.py,False,,0.0,,
line-too-long,87e923a7dfb7e9c2fcbec8297afd915e2641266c,pydoit/doit,doit/task.py,False,,0.0,,
line-too-long,b5222b381ef97984b7383e222bc6e721260f3c5e,Splawik/pytigon,pytigon/ext_lib/autocomplete.py,False,,0.0,,
line-too-long,f888df7df5cb8839927e9187c258769cc77fb7a3,rocky/python-xdis,xdis/magics.py,False,,0.0,,
line-too-long,eec9ea18b3b7150a9f58a11cd6b92bce35bf322b,jhpyle/docassemble,docassemble_webapp/docassemble/webapp/install_certs.py,False,,0.0,,
line-too-long,5dc8882764d50b8f7d3650d848cb746a54297942,pcolmant/repanier,repanier/admin/group.py,False,False,0.0,,
line-too-long,9137c6a5d48d6a2fcc3b15b8aa37809ebd86de10,jepegit/cellpy,cellpy/parameters/prms.py,False,,0.0,,
line-too-long,ab7d1afa9435e9f01b66d79d7f83b57b55692f3b,rhinstaller/anaconda,pyanaconda/modules/storage/bootloader/base.py,False,,1.0,,
line-too-long,9eed9bdea80797b5a1739ee11a48e213e8debf22,Alexey-T/CudaText,app/py/sys/requests/adapters.py,False,,0.0,,
line-too-long,c253617346d67d58ed06b0f672ad059d2a2f5832,fabiocaccamo/django-admin-interface,admin_interface/models.py,False,,0.0,,
line-too-long,3664ddebe8746d0395acd86d5efa1ef973eeac3d,googleapis/python-storage,samples/snippets/storage_change_default_storage_class.py,True,,0.0,,
line-too-long,ec7bf0e5e7a872e0216c27b8c21184d0d703c6d4,catalyst-cooperative/pudl,src/pudl/output/ferc1.py,False,,0.0,,
line-too-long,60f324518b0c674cdc33886186701e70df29f255,zulip/zulip,tools/lib/provision_inner.py,False,,0.0,,
line-too-long,463ff161d570c6bdb7245bf7963125cc56db6778,JamesJeffryes/MINE-Database,minedatabase/metabolomics.py,False,,0.0,,
line-too-long,b0e6c279d7d5e4fb1bf66bc6d6c5e194fd4df5b0,MarxMustermann/OfMiceAndMechs,src/itemFolder/industry/machine.py,False,,0.0,,
line-too-long,ac15931cc89e2822ffd69e20cbef317d0e598dd4,softlayer/softlayer-python,SoftLayer/fixtures/SoftLayer_Account.py,False,,0.0,,
line-too-long,3bfb261406e4d87385443e61a2ff67aa65bad9b8,DemocracyClub/UK-Polling-Stations,polling_stations/apps/data_importers/management/commands/import_worthing.py,False,,0.0,,
line-too-long,8ccbac5317c5b07c3191a810bccb0e0aac1ef3e6,MarlinFirmware/Marlin,Marlin/src/lcd/extui/ftdi_eve_touch_ui/ftdi_eve_lib/scripts/svg2cpp.py,False,,0.0,,
line-too-long,eb47e6df3416883df8f07f137494e2f351f7f300,helfertool/helfertool,src/registration/migrations/0045_auto_20210502_1717.py,False,,0.0,,
line-too-long,46eb67e8afb4bd62102baabb5ddbbe3dc475691d,gemrb/gemrb,gemrb/GUIScripts/GUIRECCommon.py,True,,0.0,,
line-too-long,78230b98f57c64b5ee2932ea0d2752eb9ff102ce,GPflow/GPflow,gpflow/kernels/convolutional.py,False,,0.0,,
line-too-long,0ae5aaa57097b22a017d1271ae624e0f2c7f9245,DFO-Ocean-Navigator/Ocean-Data-Map-Project,data/class4.py,False,False,0.0,,
line-too-long,f6952db5f8688ab3c1944bde8f5178893a7f6089,apache/airflow,airflow/models/tasklog.py,False,,0.0,,
line-too-long,d10f15e55806c6944827d801cd9c2d53f5da4186,wagtail/wagtail,wagtail/users/migrations/0008_userprofile_avatar.py,False,,0.0,,
line-too-long,bb19d2ea10a1232da2af2669c99fbb621e53a576,pantsbuild/pants,src/python/pants/backend/go/goals/tailor.py,False,,0.0,,
line-too-long,36b8ea34ef9915e3db4c5f3e345fe20f16ca24eb,tensorflow/privacy,tensorflow_privacy/privacy/logistic_regression/multinomial_logistic.py,False,,0.0,,
line-too-long,ad87ea65ee434bed3e643cfc78ded2c0ec174dfe,jeremiah-c-leary/vhdl-style-guide,vsg/rules/component/rule_014.py,True,,0.0,,
line-too-long,f21842e920d12276fd16895e28fa3a65a1af3fa4,zulip/zulip,zerver/views/video_calls.py,True,,0.0,,
line-too-long,ad87ea65ee434bed3e643cfc78ded2c0ec174dfe,jeremiah-c-leary/vhdl-style-guide,vsg/rules/report_statement/rule_501.py,True,,0.0,,
line-too-long,b25e2a27cfb630bec387b30d71510c350d6d9b48,tensorflow/datasets,tensorflow_datasets/core/utils/type_utils.py,False,,0.0,,
line-too-long,ab4981cc4893bfb702f21c03466abec6bc6056ff,Azure/azure-sdk-for-python,sdk/purview/azure-purview-catalog/azure/purview/catalog/_vendor.py,False,,0.0,,
line-too-long,ad87ea65ee434bed3e643cfc78ded2c0ec174dfe,jeremiah-c-leary/vhdl-style-guide,vsg/rules/entity/rule_004.py,True,,0.0,,
line-too-long,3b3eefd41c852c284c640b5e40f393e17967ceb8,SimpleITK/SimpleITK,Examples/ImageRegistrationMethod2/ImageRegistrationMethod2.py,False,,0.0,,
line-too-long,f308e47b53a69915c706b43f175c27d9ecccac2a,OstapHEP/ostap,ostap/core/ostap_types.py,False,,0.0,,
line-too-long,746fcf5fc8ec939094fb4f50939e15eddd7428df,dpressel/baseline,mead/api_examples/ed_text.py,False,,0.0,,
line-too-long,ad87ea65ee434bed3e643cfc78ded2c0ec174dfe,jeremiah-c-leary/vhdl-style-guide,vsg/rules/instantiation/rule_009.py,True,,0.0,,
line-too-long,494bd9ef78313436f0424b918f200dab8fc7c20b,frappe/erpnext,erpnext/patches/v12_0/move_bank_account_swift_number_to_bank.py,False,,0.0,,
line-too-long,c203f3bc64b77dccedbc339a2c7805ea5db5cc9d,jeremiah-c-leary/vhdl-style-guide,vsg/rules/package/rule_002.py,False,,0.0,,
line-too-long,d6ee9143965d53dae44ca3a98802b2cc7ad6eeb7,reclosedev/requests-cache,requests_cache/backends/redis.py,False,,0.0,,
line-too-long,11142c548ee91c37c8819a2f5e81b65f78eac873,ligo-cbc/pycbc,pycbc/workflow/minifollowups.py,False,,0.0,,
line-too-long,494bd9ef78313436f0424b918f200dab8fc7c20b,frappe/erpnext,erpnext/patches/v12_0/repost_stock_ledger_entries_for_target_warehouse.py,False,,0.0,,
line-too-long,6850e0fec38a7c5c0e2eccc1f21c913f63857301,StellarCN/py-stellar-base,stellar_sdk/xdr/message_type.py,False,,0.0,,
line-too-long,985ea8da9c7d1d78aa2baf4261bb236d043da0ec,jeremiah-c-leary/vhdl-style-guide,vsg/rules/architecture/rule_011.py,False,,1.0,,
line-too-long,bb12ebd389864bbba8c2c9e15ab808efae54e660,MozillaSecurity/FuzzManager,server/crashmanager/management/commands/triage_new_crashes.py,False,,0.0,,
line-too-long,88c4ee8b7355624e09009bbeff6b7d9834bd35f7,GoogleCloudPlatform/python-docs-samples,composer/workflows/dataproc_workflow_template_instantiate_operator_tutorial.py,False,,0.0,,
line-too-long,2ee8582a84aa7515dcf94e10d712dec7ba3a4bdb,Tuxemon/Tuxemon,tuxemon/menu/menu.py,False,,0.0,,
line-too-long,3c34ae7ce52b610068df82d26052c1b05586698e,PyCQA/pylint,pylint/checkers/misc.py,False,,0.0,,
line-too-long,9a91dcd7c39db91621b69d7ab94262a178063557,valohai/valohai-cli,valohai_cli/commands/pipeline/run/utils.py,False,,0.0,,
line-too-long,43d0c098a0921c5de47d1c0903a3bfb482c6208f,IfcOpenShell/IfcOpenShell,src/ifcpatch/ifcpatch/recipes/OffsetObjectPlacements.py,False,,2.0,,
line-too-long,ad87ea65ee434bed3e643cfc78ded2c0ec174dfe,jeremiah-c-leary/vhdl-style-guide,vsg/rules/instantiation/rule_028.py,True,,0.0,,
line-too-long,431c5873674cf184dc4f4f464df59dbb4fa4d894,catalyst-cooperative/pudl,src/pudl/output/ferc1.py,False,,0.0,,
line-too-long,8cc5e04b8a54060de8a707f9a6dd25f1ddd10db5,ECP-CANDLE/Benchmarks,Pilot1/UnoMT/utils/datasets/drug_target_dataset.py,False,,0.0,,
line-too-long,e248dc4ab8df2c73a269f2a6e932aa5d1701e081,googlefonts/nanoemoji,src/nanoemoji/write_font.py,False,,1.0,,
line-too-long,d10f15e55806c6944827d801cd9c2d53f5da4186,wagtail/wagtail,wagtail/contrib/search_promotions/migrations/0002_capitalizeverbose.py,False,,0.0,,
line-too-long,6997b117c9a09fdefa03c92117138c6a8c44751a,hasgeek/funnel,funnel/models/auth_client.py,False,,1.0,,
line-too-long,6850e0fec38a7c5c0e2eccc1f21c913f63857301,StellarCN/py-stellar-base,stellar_sdk/xdr/threshold_indexes.py,False,,0.0,,
line-too-long,c962881e7ad9c909d2a1191e75fadd425fa61750,jeremiah-c-leary/vhdl-style-guide,vsg/rules/entity/rule_004.py,False,,1.0,,
line-too-long,6850e0fec38a7c5c0e2eccc1f21c913f63857301,StellarCN/py-stellar-base,stellar_sdk/xdr/offer_entry_flags.py,False,,0.0,,
line-too-long,4d8219b3d2392d7f69695969b81b1851b60e9090,hazelcast/hazelcast-python-client,hazelcast/predicate.py,False,,0.0,,
line-too-long,c962881e7ad9c909d2a1191e75fadd425fa61750,jeremiah-c-leary/vhdl-style-guide,vsg/rules/entity/rule_008.py,False,,1.0,,
line-too-long,bb12ebd389864bbba8c2c9e15ab808efae54e660,MozillaSecurity/FuzzManager,server/crashmanager/migrations/0004_bugzillatemplate_mode.py,False,,0.0,,
line-too-long,19673403c7792c8935881d36bc8919a6050b1761,dedupeio/dedupe,dedupe/training.py,,,,,
line-too-long,9225d313735c19f730a8ea9c72958ef650a67bdd,Pragmatismo/Pigrow,scripts/visualisation/modular_datawall.py,,,,,
line-too-long,ad87ea65ee434bed3e643cfc78ded2c0ec174dfe,jeremiah-c-leary/vhdl-style-guide,vsg/rules/package_body/rule_503.py,True,,0.0,,
line-too-long,46ee2fa3747afdba675cb26790aca1cbfc923468,oppia/oppia,core/domain/improvements_domain.py,False,,0.0,,
line-too-long,4e0e7ff7e615601a35376c414b7081945ed417f8,prometheus/client_python,prometheus_client/bridge/graphite.py,False,,0.0,,
line-too-long,6850e0fec38a7c5c0e2eccc1f21c913f63857301,StellarCN/py-stellar-base,stellar_sdk/xdr/claim_atom_type.py,False,,0.0,,
line-too-long,8278f3b43868d1669b122d18d2f4c40091982a27,jepegit/cellpy,cellpy/parameters/prms.py,False,False,0.0,,
line-too-long,6850e0fec38a7c5c0e2eccc1f21c913f63857301,StellarCN/py-stellar-base,stellar_sdk/xdr/clawback_result_code.py,False,,0.0,,
line-too-long,ad87ea65ee434bed3e643cfc78ded2c0ec174dfe,jeremiah-c-leary/vhdl-style-guide,vsg/rules/ranges/rule_002.py,True,,0.0,,
line-too-long,40a7dcbf69244c0d0116447dc67effaaa57b318f,Catch-up-TV-and-More/plugin.video.catchuptvandmore,resources/lib/channels/be/tvcom.py,False,,0.0,,
line-too-long,8088855ec777f5159114a096fcd47c09fbc8b1af,Akuli/porcupine,scripts/build-exe-installer.py,False,,0.0,,
line-too-long,ad87ea65ee434bed3e643cfc78ded2c0ec174dfe,jeremiah-c-leary/vhdl-style-guide,vsg/rules/generate/rule_009.py,True,,0.0,,
line-too-long,ad87ea65ee434bed3e643cfc78ded2c0ec174dfe,jeremiah-c-leary/vhdl-style-guide,vsg/rules/process/rule_004.py,True,,0.0,,
line-too-long,494bd9ef78313436f0424b918f200dab8fc7c20b,frappe/erpnext,erpnext/crm/doctype/appointment_booking_settings/appointment_booking_settings.py,False,,0.0,,
line-too-long,494bd9ef78313436f0424b918f200dab8fc7c20b,frappe/erpnext,erpnext/stock/report/incorrect_stock_value_report/incorrect_stock_value_report.py,False,,0.0,,
line-too-long,8406720a7ad6c38b067f5cd685e3f61570ee03e6,frappe/erpnext,erpnext/patches/v11_0/rename_bom_wo_fields.py,False,False,1.0,,
line-too-long,ad87ea65ee434bed3e643cfc78ded2c0ec174dfe,jeremiah-c-leary/vhdl-style-guide,vsg/rules/package_body/rule_601.py,True,,0.0,,
line-too-long,8cc5e04b8a54060de8a707f9a6dd25f1ddd10db5,ECP-CANDLE/Benchmarks,common/darts/modules/linear/network.py,False,,0.0,,
line-too-long,3646c56695697667b8c2579a6eec2e4b1813bb15,specify/specify7,specifyweb/urls.py,True,,0.0,,
line-too-long,f7490a06ba64016527190930c7a76d6ee0d0a64b,abrt/retrace-server,src/plugins/rhel.py,False,,0.0,,
line-too-long,494bd9ef78313436f0424b918f200dab8fc7c20b,frappe/erpnext,erpnext/patches/v11_0/update_sales_partner_type.py,False,,0.0,,
line-too-long,969cc7dd80ed8d08859a042ade769fa8853797fa,Fresnoy/kart,diffusion/models.py,False,,0.0,,
line-too-long,494bd9ef78313436f0424b918f200dab8fc7c20b,frappe/erpnext,erpnext/accounts/doctype/accounting_dimension_filter/accounting_dimension_filter.py,False,,0.0,,
line-too-long,d10f15e55806c6944827d801cd9c2d53f5da4186,wagtail/wagtail,wagtail/admin/views/reports/base.py,False,,0.0,,
line-too-long,ad87ea65ee434bed3e643cfc78ded2c0ec174dfe,jeremiah-c-leary/vhdl-style-guide,vsg/rules/generate/rule_010.py,True,,0.0,,
line-too-long,88512d0aefdab4598c228c121f02f7bbe86d8f48,PyCQA/pylint,pylint/extensions/broad_try_clause.py,False,,0.0,,
line-too-long,571db156067c26e6dee3081a950e815f556d47bf,googlecolab/colabtools,google/colab/drive.py,False,,0.0,,
line-too-long,ad87ea65ee434bed3e643cfc78ded2c0ec174dfe,jeremiah-c-leary/vhdl-style-guide,vsg/rules/package_body/rule_506.py,True,,0.0,,
line-too-long,f2d14a9dc2d0bd8e80c24306713af12a3948079b,spulec/moto,moto/cloudfront/models.py,False,,1.0,,
line-too-long,6850e0fec38a7c5c0e2eccc1f21c913f63857301,StellarCN/py-stellar-base,stellar_sdk/xdr/stellar_value_type.py,False,,0.0,,
line-too-long,3389183789e4a7dca2e6ca9ef91a88ae3b09c7db,isard-vdi/isard,api/src/api/libv2/api_media.py,False,,3.0,,
line-too-long,494bd9ef78313436f0424b918f200dab8fc7c20b,frappe/erpnext,erpnext/patches/v11_0/update_backflush_subcontract_rm_based_on_bom.py,False,,0.0,,
line-too-long,ad87ea65ee434bed3e643cfc78ded2c0ec174dfe,jeremiah-c-leary/vhdl-style-guide,vsg/rules/type_definition/rule_004.py,True,,0.0,,
line-too-long,a01bba80d6e770958a59cda7f2f66b0f298b3976,opendata-swiss/ckanext-geocat,ckanext/geocat/harvester.py,False,,0.0,,
line-too-long,be89e10aa211703bf96367e0b1585a53069f879d,nextstrain/augur,docs/conf.py,False,,2.0,,
line-too-long,f6eee9a810190d14770eb1f31072e4e09c76a10a,explosion/thinc,thinc/layers/concatenate.py,False,,0.0,,
line-too-long,d8677f0de9a846afb5088af58609e9b7bc31a99c,cobbler/cobbler,cobbler/modules/installation/post_report.py,False,,0.0,,
line-too-long,bc686759ebd1a76f47c54d5253ee8418ee646c95,GPflow/GPflow,gpflow/models/gpr.py,False,,0.0,,
line-too-long,ad87ea65ee434bed3e643cfc78ded2c0ec174dfe,jeremiah-c-leary/vhdl-style-guide,vsg/rules/library/rule_004.py,True,,0.0,,
line-too-long,bfec377ca9faf3ed2caeb3982c3cda19b1ba6597,hail-is/hail,batch/batch/cloud/azure/driver/resource_manager.py,False,,0.0,,
line-too-long,eb47e6df3416883df8f07f137494e2f351f7f300,helfertool/helfertool,src/badges/migrations/0003_badgedesign_bg_color.py,False,,0.0,,
line-too-long,7739f5c8c0a66cbd131dfc3a0fd8759a9f1d2710,lilydjwg/nvchecker,nvchecker_source/sparkle.py,False,,0.0,,
line-too-long,9f5056a097a7ec237f601fba4e8c160cbe2af527,jdfekete/progressivis,progressivis/core/decorators.py,False,,0.0,,
line-too-long,494bd9ef78313436f0424b918f200dab8fc7c20b,frappe/erpnext,erpnext/assets/doctype/location/location.py,False,,0.0,,
line-too-long,494bd9ef78313436f0424b918f200dab8fc7c20b,frappe/erpnext,erpnext/manufacturing/report/bom_variance_report/bom_variance_report.py,False,,0.0,,
line-too-long,992be56077cad4562407a213529cef37d7bd9359,conan-io/conan,conan/tools/cmake/cmake.py,False,,0.0,,
line-too-long,c50b73641dea44f71c6e8ee66af64f94075b549c,radiasoft/sirepo,sirepo/sim_data/controls.py,False,,3.0,,
line-too-long,ad87ea65ee434bed3e643cfc78ded2c0ec174dfe,jeremiah-c-leary/vhdl-style-guide,vsg/rules/generate/rule_003.py,True,,0.0,,
line-too-long,a95bd0487335334a5da2850a543e404412d6ed0a,jeremiah-c-leary/vhdl-style-guide,vsg/rules/context/rule_027.py,False,,0.0,,
line-too-long,57307443f04c7645889e9e8f41670f18f9ba63ee,frappe/erpnext,erpnext/manufacturing/report/cost_of_poor_quality_report/cost_of_poor_quality_report.py,False,,1.0,,
simplifiable-if-expression,db9529bdf62cd9874d8124dab604759003b10bc4,nortikin/sverchok,core/main_tree_handler.py,False,,0.0,,
simplifiable-if-expression,d8a1f40ebdf198f798745678c78e99d045e3aa74,apache/qpid-dispatch,python/qpid_dispatch_internal/policy/policy_local.py,False,,0.0,,
simplifiable-if-expression,5d04aace44cee50bb1fe1d02e3b866be8ffae7e8,diofant/diofant,diofant/polys/polytools.py,True,,0.0,,
simplifiable-if-expression,a72734761b2f8e3e8b35f3bf5b37aca995cc1a64,mittagessen/kraken,kraken/lib/train.py,,,,,
simplifiable-if-expression,8829d4457c2dc0ca66a1dca8772e2d390572e342,mittagessen/kraken,kraken/lib/train.py,False,,0.0,,
simplifiable-if-expression,34abcb614c4e0461c3d8ceea989c28bd94a187fb,Samsung/TizenRT,os/tools/set_bininfo.py,False,,0.0,,
simplifiable-if-expression,cf7f4007d42de343a76eb42e5846721af11a6fe9,klahnakoski/mo-dots,mo_dots/datas.py,False,,0.0,,
simplifiable-if-expression,0844b22238f2af0a2674beb346b0b021841ff35d,HERA-Team/hera_mc,hera_mc/watch_dog.py,False,,0.0,,
simplifiable-if-expression,f868f5bbfbe1a50b08eb93438a1352e5788aa7eb,ccxt/ccxt,python/ccxt/digifinex.py,False,,0.0,,
simplifiable-if-expression,69d7db44f6cccec9812a0aadbc7c0a9805802ae8,mittagessen/kraken,kraken/lib/train.py,False,,35.0,,
simplifiable-if-expression,4ed8157288716342c392357a07d747861310770b,isard-vdi/isard,api/src/startv3.py,True,,0.0,,
simplifiable-if-expression,4cfc7d7add47d7217f4825e2cb806d064ff6d176,jeanslack/Videomass,videomass/vdms_dialogs/filter_stab.py,False,,0.0,,
simplifiable-if-expression,f868f5bbfbe1a50b08eb93438a1352e5788aa7eb,ccxt/ccxt,python/ccxt/async_support/digifinex.py,False,,0.0,,
simplifiable-if-expression,75769c4f10d85c756e936323f822304d269ada99,hail-is/hail,hail/python/hail/stats/linear_mixed_model.py,False,,0.0,,
simplifiable-if-expression,25a8eafc64d6cb355f423d808e4489cc7caf056a,pauliacomi/pyGAPS,src/pygaps/parsing/csv.py,False,,0.0,,
simplifiable-if-expression,48f2d7744fe2c1300ce2f6f004b103304606f4f2,PseudoTV/PseudoTV_Live,plugin.video.pseudotv.live/resources/lib/jsonrpc.py,False,,2.0,,
simplifiable-if-expression,6bb58e6fde0461c980a2a552efd1df96dad0e680,google/jax,jax/experimental/pjit.py,True,,0.0,,
simplifiable-if-expression,b6d60c4977546399d0706aab609e014beb1b91b2,Samsung/TizenRT,os/tools/mkbinheader.py,,,,,
simplifiable-if-expression,5344f6ed74637d17ef9a9bdd74410eca671cb376,DStauffman/dstauffman,dstauffman/estimation/batch.py,False,,0.0,,
simplifiable-if-expression,9eea28ba59e44526b9d6f1ad9f80c3553d5853e2,openstack/python-openstackclient,openstackclient/image/v2/image.py,False,,0.0,,
simplifiable-if-expression,1cd47222353accf9bcbf403182fb52fc84bdbf7e,frappe/frappe,frappe/model/delete_doc.py,False,False,1.0,,
simplifiable-if-expression,5d04aace44cee50bb1fe1d02e3b866be8ffae7e8,diofant/diofant,diofant/interactive/printing.py,True,,0.0,,
simplifiable-if-expression,deca1aaf063a3a13404ddc7639e14a0a7bf55ff8,frappe/erpnext,erpnext/stock/doctype/stock_reconciliation/stock_reconciliation.py,False,,0.0,,
simplifiable-if-expression,f9e0b74e82b9d6ec03f1766f6e030a555e4ff4ba,jeanslack/Videomass,videomass/vdms_main/main_frame.py,False,,1.0,,
simplifiable-if-expression,ef16f927e50151533a42c5ecf789c9f75f9f95b3,catapult-project/catapult,devil/devil/android/device_utils.py,False,,0.0,,
simplifiable-if-expression,8887ad79307a939c5b5c955013227c5d007e55c2,openatv/enigma2,lib/python/Screens/Menu.py,False,False,1.0,,
simplifiable-if-expression,25a8eafc64d6cb355f423d808e4489cc7caf056a,pauliacomi/pyGAPS,src/pygaps/parsing/excel.py,False,,0.0,,
simplifiable-if-expression,6b6d3017badc625d4ec983ef81876cc5ccae2ff7,ray-project/ray,rllib/evaluation/rollout_worker.py,False,,0.0,,
simplifiable-if-expression,af5171dd51c20740ac41adc19214b2f50df7364f,moddevices/mod-ui,mod/host.py,False,,0.0,,
simplifiable-if-expression,62c85133090e21659f09964fedd4c18ae4a27483,jjjake/internetarchive,internetarchive/item.py,False,,0.0,,
simplifiable-if-expression,05f4378c977247c264ffab6fe213511717d83053,jjjake/internetarchive,internetarchive/item.py,,,,,
simplifiable-if-expression,559f5bbc51b51cb745af5f9327b31b9a5ba7bce5,mittagessen/kraken,kraken/lib/train.py,,,,,
simplifiable-if-expression,61a3f10a6d8e0305dbc6f33ab65726c6717dea2b,lablup/backend.ai-manager,src/ai/backend/manager/api/vfolder.py,False,,0.0,,
simplifiable-if-expression,946926a20e47543c83f7a2cd2acc9f33d246b19d,jjjake/internetarchive,internetarchive/session.py,False,,0.0,,
simplifiable-if-expression,4cbcd4a99959a4aaa04c023812f02d9c27e4945f,matrix-org/synapse,synapse/storage/databases/main/push_rule.py,False,,0.0,,
simplifiable-if-expression,5d04aace44cee50bb1fe1d02e3b866be8ffae7e8,diofant/diofant,diofant/polys/univar.py,True,,0.0,,
simplifiable-if-expression,7ad7a98bf73470af29bf3d3ec19606673a5a665d,catapult-project/catapult,devil/devil/android/device_utils.py,,,,,
simplifiable-if-expression,8aea89c4f9831496832d83a23bcf990b33ee568d,nortikin/sverchok,nodes/list_mutators/find_closest.py,False,,2.0,,
simplifiable-if-expression,35d4829383e278809bc64784b5d8a558db2ac61f,frappe/erpnext,erpnext/stock/doctype/stock_reconciliation/stock_reconciliation.py,,,,,
simplifiable-if-expression,a29904ecabb4696f7213506b725872cd1f756c1a,merenlab/anvio,anvio/contigops.py,False,,0.0,,
simplifiable-if-expression,b494582b95e5351c5cbe358e75af393a3af1becb,catapult-project/catapult,devil/devil/android/device_utils.py,,,,,
simplifiable-if-expression,518257231cd0bf2857bdf432d9208f44a3af853a,OstapHEP/ostap,ostap/logger/utils.py,False,,0.0,,
simplifiable-if-expression,1a348262034e5b5814c1ee7ab52eeea10fd3c9b4,frappe/frappe,frappe/model/delete_doc.py,False,False,1.0,,
simplifiable-if-expression,50f88850067f45de1c8692b1a54e0469a4fbc556,wellenvogel/avnav,server/handler/alarmhandler.py,False,,12.0,,
simplifiable-if-expression,34abcb614c4e0461c3d8ceea989c28bd94a187fb,Samsung/TizenRT,os/tools/mkbinheader.py,,,,,
simplifiable-if-expression,504ee6e603ae8e856f00ccea7c5bd0792899cd52,catapult-project/catapult,devil/devil/android/device_utils.py,,,,,
simplifiable-if-expression,9c16ce1e5fe241680b5a469344fd1217d3d53144,jjjake/internetarchive,internetarchive/session.py,False,,0.0,,
simplifiable-if-statement,4875e8906fdedeb7ecb2f94aa40877c418df3b70,espressif/esptool,esptool.py,False,,0.0,,
simplifiable-if-statement,7f328ea2ef7e86302e5b61a4f7bc789f01eabaff,corpnewt/CorpBot.py,Cogs/Debugging.py,False,,0.0,,
simplifiable-if-statement,e2ff9096031ea50fb0fc3a6f3a56c179fbd4ac3b,rocky/python-uncompyle6,uncompyle6/semantics/pysource.py,False,,0.0,,
simplifiable-if-statement,6f41a12c65ebbdfc25b1ae1cba4e2803abec0780,psychopy/psychopy,psychopy/app/_psychopyApp.py,False,False,0.0,,
simplifiable-if-statement,cb6ad37250c2312f474c776062f624e0d6f9601a,gbrammer/grizli,grizli/utils.py,,,,,
simplifiable-if-statement,12dccb41c4136bc5dd36c77cc2c704b9f06f6a01,psychopy/psychopy,psychopy/app/_psychopyApp.py,False,False,0.0,,
simplifiable-if-statement,71bdc8dc6a3bfb601d5400657da964c072f38ce9,rocky/python-uncompyle6,uncompyle6/semantics/pysource.py,False,,0.0,,
simplifiable-if-statement,63bc266de4bada799f4581bba84f2d607c5d9703,corpnewt/CorpBot.py,Cogs/XpStack.py,False,,0.0,,
simplifiable-if-statement,9bc671df38438f2df3887af5fa0b2fef35e7a839,openstack/os-brick,os_brick/initiator/linuxfc.py,False,,0.0,,
simplifiable-if-statement,fabc2237cd9799fb4f0b87173437e3177790f5fd,pyrocko/pyrocko,src/trace.py,False,,0.0,,
simplifiable-if-statement,05e636800ad64f36f88bf869391ad08f13ad29b8,Splawik/pytigon,pytigon/prj/_schwiki/schwiki/views.py,False,,2.0,,
simplifiable-if-statement,5344f6ed74637d17ef9a9bdd74410eca671cb376,DStauffman/dstauffman,dstauffman/time.py,False,,0.0,,
simplifiable-if-statement,a6b49f38a48108c00b4c15ab087e099b480d9c4b,pyrocko/pyrocko,src/trace.py,False,False,0.0,,
simplifiable-if-statement,d084e36006358ce3f43c0324f54c0a7487dc90da,androidx/androidx,development/project-creator/create_project.py,False,False,0.0,,
simplifiable-if-statement,b7d9ac6f89464e1d766ec69cf67e521014e60849,rocky/python-xdis,xdis/bytecode.py,False,,1.0,,
simplifiable-if-statement,e50593212bb541520d035b5953760bad1ed9b98f,dask/dask,dask/dataframe/io/parquet/arrow.py,False,,0.0,,
simplifiable-if-statement,c5076c37cb674dd0aa2102b6b2721cc4b22ca898,openstack/os-brick,os_brick/initiator/linuxfc.py,False,,0.0,,
simplifiable-if-statement,d8cf05cd252aa2e6b77b9f91e5b2500e3cefcc7c,rdkit/rdkit,rdkit/Chem/MolKey/MolKey.py,False,,0.0,,
simplifiable-if-statement,c38810b15f968eb0e9e154e57240c702866363ee,openstack/designate,designate/central/service.py,False,,0.0,,
simplifiable-if-statement,87ea6101ea152c3760792aafe8d7410ddcfbf970,gbrammer/grizli,grizli/utils.py,False,,0.0,,
simplifiable-if-statement,8ab96042687f1d3e745e513d7e42038b8096f984,diofant/diofant,diofant/polys/polyroots.py,False,,0.0,,
simplifiable-if-statement,3b546499ab1e0aec5a438d233b84f56c40e118de,rackerlabs/django-DefectDojo,dojo/tools/tfsec/parser.py,False,,0.0,,
simplifiable-if-statement,11142c548ee91c37c8819a2f5e81b65f78eac873,ligo-cbc/pycbc,pycbc/workflow/pegasus_workflow.py,False,,13.0,,
simplifiable-if-statement,63a70df804054d875e25474468513873b7f72605,ecederstrand/exchangelib,exchangelib/services/common.py,False,,0.0,,
simplifiable-if-statement,8ab96042687f1d3e745e513d7e42038b8096f984,diofant/diofant,diofant/core/function.py,False,,0.0,,
simplifiable-if-statement,30b4efb50ca299a0c429b395a27a8fadbda62e7d,UtrechtUniversity/yoda-portal,user/user.py,False,,0.0,,
simplifiable-if-statement,f4ac72cbffb4745efdf67f7a608fca306851c9f2,corpnewt/CorpBot.py,Cogs/Debugging.py,False,,0.0,,
simplifiable-if-statement,0666040304552a3757059f306a2ebe1f76206daf,psychopy/psychopy,psychopy/constants.py,False,False,0.0,,
simplifiable-if-statement,0666040304552a3757059f306a2ebe1f76206daf,psychopy/psychopy,psychopy/app/_psychopyApp.py,False,False,0.0,,
simplifiable-if-statement,ed563833b51927eb790cbd9ed58c1e971eeda838,Splawik/pytigon,pytigon/static_src/pytigon_js/ajax_region.py,False,,0.0,,
simplifiable-if-statement,11142c548ee91c37c8819a2f5e81b65f78eac873,ligo-cbc/pycbc,pycbc/workflow/core.py,False,,3.0,,
simplifiable-if-statement,0782515fe167587b66de27b6671852df51335fae,DigitalCampus/django-oppia,profile/models.py,False,,0.0,,
simplifiable-if-statement,e423893f4643dbe05d0678db36963d59fb646bde,hyperspy/hyperspy,hyperspy/drawing/_widgets/range.py,False,,7.0,,
simplifiable-if-statement,b340aeac89174cf685ac28f925d5ae4832d2cecf,materialsproject/pymatgen-db,pymatgen/db/creator.py,False,,0.0,,
simplifiable-if-statement,a2335c897e6b250406c7216e613b5d179feab71e,jjjake/internetarchive,internetarchive/files.py,False,,0.0,,
simplifiable-if-statement,5fa77c369bf5c6dbeba8d7601c5298d855ea4114,jjjake/internetarchive,internetarchive/files.py,,,,,
simplifiable-if-statement,46470fe7435748cd71a341abaabee9285f536628,vnpy/vnpy,vnpy/trader/ui/widget.py,False,,0.0,,
simplifiable-if-statement,5344f6ed74637d17ef9a9bdd74410eca671cb376,DStauffman/dstauffman,dstauffman/plotting/plotting.py,False,,0.0,,
simplifiable-if-statement,1c3eee5ee290c3741ea27cea62a2a547b7f92f14,corpnewt/CorpBot.py,Cogs/XpStack.py,,,,,
simplifiable-if-statement,2acd4beab644a8601f0138baa286120754700df7,ligo-cbc/pycbc,pycbc/workflow/core.py,,,,,
simplifiable-if-statement,e9a319f7e6334ff766f1a9da5d18742b6f106e74,jjjake/internetarchive,internetarchive/files.py,True,,0.0,,
superfluous-parens,04d97a32c6d3d00c9ec8391bc48c9d93bb098a15,facebook/fbthrift,thrift/lib/py/util/Decorators.py,False,,6.0,,
superfluous-parens,20effd7d12a6a209ff15a963df83e5e0d68486df,deepmind/dm_robotics,py/transformations/transformations.py,False,,0.0,,
superfluous-parens,376bbc09ded62e299b01c540523b6314dae75a63,radiasoft/sirepo,sirepo/template/raydata.py,False,,1.0,,
superfluous-parens,77022b88e90c47754c4046e49eeae9c960044597,FDio/vpp,src/plugins/srv6-mobile/extra/runner.py,,,,,
superfluous-parens,800ba87cc881856adae19ec40485578356398639,matrix-org/synapse,synapse/handlers/device.py,True,,0.0,,
superfluous-parens,9e472d57e043a782ba33ee838373c96a736c9a1a,SimpleITK/SimpleITK,Examples/ImageRegistrationMethodBSpline1/ImageRegistrationMethodBSpline1.py,False,,0.0,,
superfluous-parens,a3dae83c8e09a3c9d9c4b3a52c43fc9fde6119f5,cobbler/cobbler,cobbler/remote.py,,,,,
superfluous-parens,d3c51132270ca21f2befcf2e9bec44a2c4fdc186,FCP-INDI/C-PAC,CPAC/pipeline/engine.py,,,,,
superfluous-parens,f8ecf85ded36d7b9a4b7a9ac6350ccfc643d9fe9,NREL/hescore-hpxml,hescorehpxml/base.py,False,,2.0,,
superfluous-parens,61f7bfb6dee843cfc003ee7eb2572e2e2e51f02a,FDio/vpp,src/plugins/srv6-mobile/extra/runner.py,,,,,
superfluous-parens,1d9f45b615aea44acae1392b1ca48827de1a5159,scalyr/scalyr-agent-2,scalyr_agent/third_party/urllib3/contrib/securetransport.py,False,,4.0,,
superfluous-parens,3dbaa78909afc9612e805840e3df2d8fa010db2c,rocky/python-xdis,xdis/opcodes/opcode_35.py,False,,0.0,,
superfluous-parens,15f05546728b2fcaf7fbb29f9308629a2edadd9c,ccxt/ccxt,python/ccxt/async_support/novadax.py,False,,0.0,,
superfluous-parens,9496a82a706e04428020f0f2f6446a02ce07ccc2,MozillaSecurity/FuzzManager,FTB/Signatures/CrashInfo.py,,,,,
superfluous-parens,ea063f8804d31235ccfe927eca4a871a09ddb572,pytroll/satpy,satpy/readers/fci_l2_nc.py,False,,0.0,,
superfluous-parens,c8a25ae6bbfe968c16512b278fcdb80f6a4eef67,libAtoms/matscipy,matscipy/calculators/pair_potential/calculator.py,,,,,
superfluous-parens,b3587b52b25077f68116b9852b041d33e7fc6601,mitmproxy/mitmproxy,mitmproxy/contentviews/grpc.py,False,,0.0,,
superfluous-parens,994fedc637304ca8f2379480feacc2ca483c68e6,python-control/python-control,control/iosys.py,False,,0.0,,
superfluous-parens,069b82401cf472185b521e3af0e3beecfdf572d7,espressif/esp-idf,tools/esp_prov/transport/ble_cli.py,False,,7.0,,
superfluous-parens,b99e94d0d9eec66e8b9e608c31cac077091ad4fc,wechatpy/wechatpy,wechatpy/client/api/invoice.py,False,,0.0,,
superfluous-parens,279c0d44d7ceb0fe32f19268ff6f3574df7d8839,diofant/diofant,diofant/core/function.py,True,,0.0,,
superfluous-parens,9eed9bdea80797b5a1739ee11a48e213e8debf22,Alexey-T/CudaText,app/cudatext.app/Contents/Resources/py/sys/requests/models.py,False,,0.0,,
superfluous-parens,5a6e3c9e555cd1322833b786769b492f0f12b553,rdkit/rdkit,rdkit/Chem/Pharm3D/EmbedLib.py,False,,0.0,,
superfluous-parens,913085acf56c19436ed59f863eb2985d973d90a5,tensorflow/probability,tensorflow_probability/python/bijectors/softfloor.py,False,,0.0,,
superfluous-parens,835a6b80ee84237b0796ad464438e5b6e5ab0523,candlepin/subscription-manager,src/subscription_manager/managerlib.py,False,,0.0,,
superfluous-parens,86225692b0983664a1b2bcdb9544ad44a5c43ba8,alisw/alibuild,alibuild_helpers/workarea.py,False,,0.0,,
superfluous-parens,679770715f6e643fb5b3da19fc724218b63e86dd,buildbot/buildbot,master/buildbot/process/users/users.py,True,,0.0,,
superfluous-parens,cb99d2bc93a78301742d4517d80c76a9e74a9d77,candlepin/subscription-manager,src/subscription_manager/managerlib.py,,,,,
superfluous-parens,f122a6aa3eb386914faa58ef3bf336f27b02fab0,gitpython-developers/GitPython,git/objects/fun.py,,,,,
superfluous-parens,138e0557110ffce4175b7f18a683a939e118790a,scikit-learn/scikit-learn,sklearn/semi_supervised/_self_training.py,False,,0.0,,
superfluous-parens,bb12ebd389864bbba8c2c9e15ab808efae54e660,MozillaSecurity/FuzzManager,misc/libfuzzer/libfuzzer.py,False,,0.0,,
superfluous-parens,7e8d93c7db6ff67cd1560649aed884c5cf31ce76,jclgoodwin/bustimes.org.uk,bustimes/management/commands/import_gtfs.py,False,False,0.0,,
superfluous-parens,0d732531ef3ae2ee3fae7736ddd9035cbc3d825e,jim-easterbrook/Photini,src/photini/metadata.py,False,,0.0,,
superfluous-parens,61f82669acb71b45c55b83b025f54062f24445f6,pytorch/vision,torchvision/models/detection/anchor_utils.py,False,,0.0,,
superfluous-parens,1143a37ff1509627297744a8e74aff2793b22246,corradio/electricitymap,parsers/ajenti.py,False,,0.0,,
superfluous-parens,1dc064ddeb1f3b9bed2126964d2e761938497691,protwis/protwis,ligand/functions.py,False,,0.0,,
superfluous-parens,1ff7748623c2d02122bec36542f8bc310d296836,openstack/tempest,tempest/lib/base.py,False,,0.0,,
superfluous-parens,85972299e0298030031dcd7ed91aaafbe96c2dcd,GoogleCloudPlatform/gcpdiag,gcpdiag/lint/command.py,False,,2.0,,
superfluous-parens,0904607b405185a37acb34e77f6d2fe597927e8e,python-poetry/poetry-core,src/poetry/core/_vendor/lark/exceptions.py,False,,8.0,,
superfluous-parens,9eed9bdea80797b5a1739ee11a48e213e8debf22,Alexey-T/CudaText,app/cudatext.app/Contents/Resources/py/sys/requests/auth.py,False,,0.0,,
superfluous-parens,13e5f4b217341086b422541ce1c8ccd5078c9561,vilemnovak/blendercam,scripts/addons/cam/strategy.py,False,,0.0,,
superfluous-parens,800ba87cc881856adae19ec40485578356398639,matrix-org/synapse,synapse/handlers/federation.py,True,,0.0,,
superfluous-parens,b97529dd23fe9b567193d99a3f3b37dfbe4a9b8c,NREL/hescore-hpxml,hescorehpxml/base.py,True,,0.0,,
superfluous-parens,3203497f67a0440ab5a534c89de5207499b6f0de,Neutree/COMTool,COMTool/Main.py,False,,0.0,,
superfluous-parens,b697a08b063f33b24167f70a118db59bfbca45d9,python-control/python-control,control/xferfcn.py,,,,,
superfluous-parens,d9b0c6fbf7aa5bd9af84264105b39c82028a4a29,FDio/vpp,extras/scripts/crcchecker.py,False,,0.0,,
superfluous-parens,494bd9ef78313436f0424b918f200dab8fc7c20b,frappe/erpnext,erpnext/accounts/doctype/share_transfer/share_transfer.py,False,,0.0,,
superfluous-parens,4ef15c4e95ec73cf5fc4d571be103e67b00caadf,python-control/python-control,control/iosys.py,False,,13.0,,
superfluous-parens,f187638b6eb673a18d3b165a34eaddf336720a09,voxpupuli/puppetboard,puppetboard/app.py,False,,0.0,,
superfluous-parens,800ba87cc881856adae19ec40485578356398639,matrix-org/synapse,synapse/handlers/message.py,True,,0.0,,
superfluous-parens,6e67e2bbde89c6470866fd068256c59e603e12ce,rdkit/rdkit,rdkit/Chem/Fingerprints/FingerprintMols.py,False,,0.0,,
superfluous-parens,494bd9ef78313436f0424b918f200dab8fc7c20b,frappe/erpnext,erpnext/stock/doctype/stock_reconciliation/stock_reconciliation.py,False,,0.0,,
superfluous-parens,d0169aee74c442d05ab4e0f3b4df0c80245e4cf0,pytorch/text,torchtext/experimental/vectors.py,False,,0.0,,
superfluous-parens,037d792e7bfef64a4bbe2f91731d5092a265509b,rhinstaller/anaconda,pyanaconda/payload/dnf/payload.py,False,,1.0,,
superfluous-parens,aef2ca1b503799a493ca88ee39af6e63256cb2bf,Keeper-Security/Commander,keepercommander/plugins/adpasswd/adpasswd.py,False,,4.0,,
superfluous-parens,8cc5e04b8a54060de8a707f9a6dd25f1ddd10db5,ECP-CANDLE/Benchmarks,Pilot1/Uno/uno_trainUQ_keras2.py,False,,0.0,,
superfluous-parens,d50f021a8cf9bea290f616f0d20157206aceaa21,espressif/esp-idf,components/espcoredump/espcoredump.py,False,,0.0,,
superfluous-parens,8dae1e24ba846fc2dc12097658cb0e3c29459be5,astropy/photutils,photutils/segmentation/catalog.py,False,,0.0,,
superfluous-parens,73756b8bb0acbc0490ea888d4935ae52774c6bc7,yeatmanlab/pyAFQ,AFQ/tasks/data.py,False,,0.0,,
superfluous-parens,5c791dae9f21dbdc9f7267fc36d41c4400ab6ba3,PMEAL/OpenPNM,openpnm/topotools/_graphtools.py,False,,0.0,,
superfluous-parens,4e36d736787c28adca45f61861e6d9ebeb219be8,spectralDNS/shenfun,shenfun/jacobi/bases.py,False,,17.0,,
superfluous-parens,0904607b405185a37acb34e77f6d2fe597927e8e,python-poetry/poetry-core,src/poetry/core/_vendor/lark/parsers/lalr_parser.py,False,,11.0,,
superfluous-parens,69bbf4330817300104daa3fbf8278b91857c3d62,bukun/TorCMS,torcms/model/category_model.py,True,,0.0,,
superfluous-parens,98b85fed7ac3175accebe864d8da9f0122f21e37,wikimedia/pywikibot-core,pywikibot/site/_generators.py,True,,0.0,,
superfluous-parens,0b1a9e804fc9e2353096b485ac08656fbec3cc7b,cobbler/cobbler,cobbler/services.py,False,,0.0,,
superfluous-parens,7f1bacc7dc9caf6d0ec042e39499bbf1d9a7d065,ray-project/ray,rllib/utils/exploration/per_worker_gaussian_noise.py,False,,0.0,,
superfluous-parens,800ba87cc881856adae19ec40485578356398639,matrix-org/synapse,synapse/replication/tcp/client.py,True,,0.0,,
superfluous-parens,7f1bacc7dc9caf6d0ec042e39499bbf1d9a7d065,ray-project/ray,python/ray/autoscaler/_private/resource_demand_scheduler.py,False,,0.0,,
superfluous-parens,3e1b15b7e71b0ab264b033bb011bd2db4cc1fc99,ECP-CANDLE/Benchmarks,common/ckpt_keras_utils.py,True,,0.0,,
superfluous-parens,93c144e562c81489766eeb4cb98766534a8576af,mne-tools/mne-python,mne/decoding/base.py,True,,0.0,,
superfluous-parens,974a6ad0411b235383462b8161ec9e6659154277,PseudoTV/PseudoTV_Live,plugin.video.pseudotv.live/resources/lib/service.py,False,,6.0,,
superfluous-parens,3335915572a140e2bfb8fd50dfe6ebf4c7128cde,astropy/photutils,photutils/segmentation/catalog.py,False,,3.0,,
superfluous-parens,6d305796b094024c2ea07c8c963899999420f610,couchbase/couchbase-python-client,acouchbase/cluster.py,False,,24.0,,
superfluous-parens,e43844a824118536c4e98241eb6954fc25106c98,lowRISC/opentitan,util/regtool.py,False,,0.0,,
superfluous-parens,279c0d44d7ceb0fe32f19268ff6f3574df7d8839,diofant/diofant,diofant/core/power.py,True,,0.0,,
superfluous-parens,d4a847efe877181891c6e1109b62c118fa9aa81a,google/pigweed,pw_watch/py/pw_watch/watch.py,False,,2.0,,
superfluous-parens,bb12ebd389864bbba8c2c9e15ab808efae54e660,MozillaSecurity/FuzzManager,FTB/Signatures/CrashInfo.py,False,,0.0,,
superfluous-parens,800d7a79f2a76b516e9ab31df274efc6daa3bebd,ccxt/ccxt,python/ccxt/currencycom.py,False,,1.0,,
superfluous-parens,39e1efe51ac81f1bf90fcce58e91184735b64286,astropy/astropy,astropy/cosmology/core.py,False,,0.0,,
superfluous-parens,62e2653f1ca519a9c3feb430bf363ee996205f3c,tensorflow/tensorflow,tensorflow/python/ops/control_flow_ops.py,False,,2.0,,
superfluous-parens,82df48934eba1df9a1ed3be98aaace8eada59e6e,scikit-learn/scikit-learn,sklearn/neighbors/_nearest_centroid.py,False,,0.0,,
superfluous-parens,3979136b6ad7b9fe7242f50d0c49fe3bc849b59d,dnanexus/dx-toolkit,src/python/dxpy/cli/parsers.py,True,,0.0,,
superfluous-parens,494bd9ef78313436f0424b918f200dab8fc7c20b,frappe/erpnext,erpnext/support/doctype/service_level_agreement/service_level_agreement.py,False,,0.0,,
superfluous-parens,d554be8db7dfa4b695cb913b4095bc584ae82af7,NREL/hescore-hpxml,hescorehpxml/base.py,False,,2.0,,
superfluous-parens,e3500c2066e104a5e9dff96b5d455386f13aed57,eljost/pysisyphus,pysisyphus/cos/NEB.py,False,,0.0,,
superfluous-parens,494bd9ef78313436f0424b918f200dab8fc7c20b,frappe/erpnext,erpnext/support/report/support_hour_distribution/support_hour_distribution.py,False,,0.0,,
superfluous-parens,aa0a0889ce6a4c7cf30035e767d341b7a0088e60,indico/indico,indico/modules/users/controllers.py,False,,1.0,,
superfluous-parens,e5429cb7f1ab6086c575d367477b072aabcddc83,scikit-learn/scikit-learn,sklearn/ensemble/_iforest.py,False,,0.0,,
superfluous-parens,9e472d57e043a782ba33ee838373c96a736c9a1a,SimpleITK/SimpleITK,Examples/Python/ExtractSlice.py,True,,0.0,,
superfluous-parens,76c442db739813e0659472b5e034f5cc2e8caee9,akkana/scripts,vote411export.py,False,,0.0,,
superfluous-parens,2b8edaa37be6990598b0411baf30af9dd9435604,indico/indico,indico/modules/events/registration/controllers/management/regforms.py,False,,0.0,,
superfluous-parens,505380216d1d804750e96f60e7422152a37fb35e,scikit-learn/scikit-learn,sklearn/manifold/_t_sne.py,False,,0.0,,
superfluous-parens,ed4b36e25368fb521f092810487c864f82957aac,NREL/hescore-hpxml,hescorehpxml/base.py,False,,0.0,,
superfluous-parens,3cf7c6ec731b0fc15553a7c9447c9e8dd3851bb7,apache/allura,ForgeDiscussion/forgediscussion/controllers/root.py,False,,0.0,,
superfluous-parens,be22ce92a458b1034ebbadfd84830400711d3a73,FCP-INDI/C-PAC,CPAC/pipeline/engine.py,False,,0.0,,
superfluous-parens,1fe198f79681f968c4d771fe322181b1a17bda0b,ligo-cbc/pycbc,pycbc/results/pygrb_plotting_utils.py,False,,0.0,,
superfluous-parens,373302bc20e94cf87b788142f9f58caf488c2cdf,couchbase/couchbase-python-client,couchbase/cluster.py,False,,0.0,,
superfluous-parens,34abcb614c4e0461c3d8ceea989c28bd94a187fb,Samsung/TizenRT,os/tools/mkbinheader.py,,,,,
superfluous-parens,5fafa721a5e834083f0b2579901796e5280fae56,rpm-software-management/rpmlint,rpmlint/checks/BinariesCheck.py,False,,0.0,,
superfluous-parens,800ba87cc881856adae19ec40485578356398639,matrix-org/synapse,synapse/handlers/federation_event.py,True,,0.0,,
superfluous-parens,f7b8003b2a0fcb2b407809b0bee76f4e23508566,radiasoft/sirepo,sirepo/template/raydata.py,False,,0.0,,
superfluous-parens,494bd9ef78313436f0424b918f200dab8fc7c20b,frappe/erpnext,erpnext/assets/doctype/asset/asset.py,False,,0.0,,
superfluous-parens,4e2a77f7f01648726bbc1cf5b0e613cb7b1336b7,wevote/WeVoteServer,import_export_twitter/controllers.py,False,,0.0,,
superfluous-parens,d186a4d27fa23df7eda48f822f2f16d12363b02a,dwavesystems/dimod,dimod/sampleset.py,False,,0.0,,
superfluous-parens,49da068f4db4724e1b9743d0f187bc422ba63715,Patrick-Cole/pygmi,pygmi/raster/modest_image.py,False,False,0.0,,
superfluous-parens,835a6b80ee84237b0796ad464438e5b6e5ab0523,candlepin/subscription-manager,src/rhsm/connection.py,False,,0.0,,
superfluous-parens,679770715f6e643fb5b3da19fc724218b63e86dd,buildbot/buildbot,master/buildbot/steps/http.py,True,,0.0,,
superfluous-parens,29b25c6acd99f952e98ce13f39fadf52ad72b4f4,wikimedia/pywikibot-core,scripts/fixing_redirects.py,False,,2.0,,
superfluous-parens,73ade04dcf8a4ab31fc803f12a430e417da6967a,frappe/erpnext,erpnext/stock/dashboard_chart_source/warehouse_wise_stock_value/warehouse_wise_stock_value.py,False,,0.0,,
superfluous-parens,89772ff6e2faa55a612276114e9ba86225e22628,scikit-learn/scikit-learn,sklearn/ensemble/_bagging.py,False,,0.0,,
superfluous-parens,980d7f7bc19db0f43d364bfb934727a656cb3b95,jnewland/ha-config,custom_components/bhyve/switch.py,False,,1.0,,
superfluous-parens,679770715f6e643fb5b3da19fc724218b63e86dd,buildbot/buildbot,master/buildbot/reporters/words.py,True,,0.0,,
superfluous-parens,9d5e437f3bd9bc6eb9b24d07d11bd7cd083e842e,tensorflow/tensorflow,tensorflow/python/ops/control_flow_ops.py,False,,1.0,,
superfluous-parens,faf9c2ffa5ae444b3e7a4836c87198b0c82f3838,facebook/fbthrift,thrift/lib/py/transport/THeaderTransport.py,False,,0.0,,
superfluous-parens,cc0e488888eda02278cb342bb488ade7c7b62e95,facebook/fbthrift,thrift/lib/py/protocol/TJSONProtocol.py,False,,0.0,,
superfluous-parens,5774415368debb8296968a12155f486c5d2b618c,apache/cassandra,pylib/cqlshlib/copyutil.py,,,,,
superfluous-parens,5c85567172a5d56733014dc843c1b9d6e4aef19b,scikit-learn/scikit-learn,sklearn/ensemble/_hist_gradient_boosting/gradient_boosting.py,False,,0.0,,
superfluous-parens,ee7182b13cb057938dc695ffea934114239fe058,NREL/hescore-hpxml,hescorehpxml/base.py,True,,0.0,,
superfluous-parens,ae2d628c1437e5cf47211b964fb4039ecb456d46,deepmind/dm_control,dm_control/autowrap/binding_generator.py,False,,0.0,,
superfluous-parens,800d7a79f2a76b516e9ab31df274efc6daa3bebd,ccxt/ccxt,python/ccxt/async_support/currencycom.py,False,,1.0,,
superfluous-parens,dd5ae96ae5385c310a1857ee5543612b234a9d63,radiasoft/sirepo,sirepo/template/warppba.py,,,,,
superfluous-parens,eed4786ea24fa25d438a59bf77dbdfd1df601362,radiasoft/sirepo,sirepo/template/raydata.py,True,,0.0,,
superfluous-parens,24316264b6e04f34795601277cf1223303ea9956,hashview/hashview,hashview/wordlists/routes.py,True,,0.0,,
superfluous-parens,dd4e35c64d87c6a96f015b75c9ce16eae4e1d8c8,colour-science/colour,colour/appearance/nayatani95.py,False,,0.0,,
superfluous-parens,494bd9ef78313436f0424b918f200dab8fc7c20b,frappe/erpnext,erpnext/accounts/doctype/tax_withholding_category/tax_withholding_category.py,False,,0.0,,
superfluous-parens,41a2cebe9560fda8a3ef171bb2dd5f51434897f2,google/iree,configure_bazel.py,False,,0.0,,
superfluous-parens,34abcb614c4e0461c3d8ceea989c28bd94a187fb,Samsung/TizenRT,os/tools/mksamsungheader.py,False,,0.0,,
superfluous-parens,fa3dd6404bb15e99ca5f65d8360e7406b89f0be3,StartupsPoleEmploi/labonneboite,labonneboite/common/util.py,False,,1.0,,
superfluous-parens,6a998b7fd7c404a80d46e9f3d796fd71c3e378fd,cloudtools/troposphere,troposphere/eks.py,False,,3.0,,
superfluous-parens,06c03957d4915e4689690ee7f00d8438fa876234,schemaorg/schemaorg,software/util/buildocspages.py,False,,0.0,,
superfluous-parens,494bd9ef78313436f0424b918f200dab8fc7c20b,frappe/erpnext,erpnext/accounts/doctype/account/chart_of_accounts/chart_of_accounts.py,False,,0.0,,
superfluous-parens,7f1bacc7dc9caf6d0ec042e39499bbf1d9a7d065,ray-project/ray,python/ray/cluster_utils.py,False,,0.0,,
superfluous-parens,45eab3e9abfe1d66224f932149f0bbc02e670332,libAtoms/matscipy,matscipy/calculators/pair_potential/calculator.py,,,,,
superfluous-parens,2b8e60a198f48ecc79f7349c51d09b50147825c2,olivierfriard/BORIS,boris/plot_spectrogram_rt.py,False,,0.0,,
superfluous-parens,7f1bacc7dc9caf6d0ec042e39499bbf1d9a7d065,ray-project/ray,python/ray/tune/schedulers/hyperband.py,False,,0.0,,
superfluous-parens,6d305796b094024c2ea07c8c963899999420f610,couchbase/couchbase-python-client,couchbase/management/buckets.py,False,,0.0,,
superfluous-parens,7f1bacc7dc9caf6d0ec042e39499bbf1d9a7d065,ray-project/ray,rllib/evaluation/worker_set.py,False,,0.0,,
superfluous-parens,06c03957d4915e4689690ee7f00d8438fa876234,schemaorg/schemaorg,software/util/buildsite.py,False,,0.0,,
superfluous-parens,8dee601054089311b81efd6239b458401da063e3,matrix-org/synapse,synapse/handlers/federation.py,True,,1.0,,
superfluous-parens,c1008cc1ea7fd797c0e9fe374dd36771d866728d,apache/cassandra,pylib/cqlshlib/copyutil.py,,,,,
superfluous-parens,25f48c9ff656aa7c2d9862a88eab754a6b82399d,libAtoms/matscipy,matscipy/calculators/pair_potential/calculator.py,,,,,
superfluous-parens,d10f15e55806c6944827d801cd9c2d53f5da4186,wagtail/wagtail,wagtail/admin/views/collection_privacy.py,False,,0.0,,
superfluous-parens,00eee4573c95c7852a7a9e32aeb7bbcc44b4974c,indico/indico,indico/modules/events/registration/controllers/management/regforms.py,,,,,
superfluous-parens,15f05546728b2fcaf7fbb29f9308629a2edadd9c,ccxt/ccxt,python/ccxt/novadax.py,False,,0.0,,
superfluous-parens,f9929ed8a6465151d6ed996af8006c9096e99c8e,frappe/erpnext,erpnext/stock/doctype/item/item.py,False,,0.0,,
superfluous-parens,fdf529e73da2ac0a6861fc9ada6c7cdfb6836148,zynthian/zynthian-ui,zyngine/zynthian_engine_jalv.py,False,,1.0,,
superfluous-parens,9e472d57e043a782ba33ee838373c96a736c9a1a,SimpleITK/SimpleITK,Examples/Python/FFTConvolution.py,True,,0.0,,
superfluous-parens,388782ab1c0eb15c4a47da345db05fd666ac5c5b,FCP-INDI/C-PAC,CPAC/pipeline/engine.py,False,,0.0,,
superfluous-parens,4cfc7d7add47d7217f4825e2cb806d064ff6d176,jeanslack/Videomass,videomass/vdms_dialogs/filter_stab.py,False,,0.0,,
superfluous-parens,775d2a11d6bedde2e2d0b18fa59b64b8f013f3a0,OCA/geospatial,base_geoengine/fields.py,False,,0.0,,
superfluous-parens,aa5097a1135b6b6bd1aab12c7431969b9ccf5e18,demisto/content,Packs/RubrikPolaris/Integrations/RubrikPolaris/RubrikPolaris.py,False,,69.0,,
superfluous-parens,513898db2ac7a1990dc94aa6f49cda3165c442bf,espressif/esptool,espsecure.py,False,,0.0,,
superfluous-parens,6ba29dc506f4048a1683b11832047d39ca025a16,City-of-Helsinki/kerrokantasi,democracy/models/files.py,False,,0.0,,
superfluous-parens,7f1140529db670fc8d32e78b2c07dc001dd9b404,candlepin/subscription-manager,src/subscription_manager/managerlib.py,,,,,
superfluous-parens,9e472d57e043a782ba33ee838373c96a736c9a1a,SimpleITK/SimpleITK,Examples/DicomSeriesReader/DicomSeriesReader.py,True,,0.0,,
superfluous-parens,0e30c27a21df728f8ef9c32a7bcf5995ab24da95,homecon/homecon,backend/src/homecon/core/states/dal_state_manager.py,False,,2.0,,
superfluous-parens,492fb1c36d2e37d35770ec9bd68b6c38c083778c,PseudoTV/PseudoTV_Live,plugin.video.pseudotv.live/resources/lib/service.py,False,False,0.0,,
superfluous-parens,fdc9d380d2c4f908f19032029f9793137914cc90,mupif/mupif,mupif/pyroutil.py,False,,0.0,,
superfluous-parens,187fcfa3f8a5d673f6328801fa4a346a320d64d7,PaddlePaddle/Paddle,python/paddle/tensor/einsum.py,False,,0.0,,
superfluous-parens,d10f15e55806c6944827d801cd9c2d53f5da4186,wagtail/wagtail,wagtail/contrib/forms/views.py,False,,0.0,,
superfluous-parens,7540e7b47b55447475bb8191fb3520dd67cf7998,coreboot/chrome-ec,chip/mchp/util/pack_ec.py,False,,0.0,,
superfluous-parens,821134f62396ba27f9bcb8fbfa93ea2c370b7616,psi4/psi4,psi4/driver/driver_cbs.py,False,,14.0,,
superfluous-parens,7540e7b47b55447475bb8191fb3520dd67cf7998,coreboot/chrome-ec,chip/mchp/util/pack_ec_mec152x.py,False,,0.0,,
superfluous-parens,165213ca5c39e822379abb92b5c4f0df8769535b,rocky/python3-trepan,trepan/processor/command/unalias.py,False,,0.0,,
superfluous-parens,9f80425199fa2dd7d5c7b06914e23a3886dfa948,Patrick-Cole/pygmi,pygmi/raster/modest_image.py,False,,1.0,,
superfluous-parens,9e273da04c5f46730ca39efa4097ae33eec00803,couchbase/couchbase-python-client,couchbase/cluster.py,False,,2.0,,
superfluous-parens,6c3853a325b89fb356100bfe595ddd4a7214cdae,pypa/pip,src/pip/_vendor/requests/models.py,False,,0.0,,
superfluous-parens,494bd9ef78313436f0424b918f200dab8fc7c20b,frappe/erpnext,erpnext/stock/report/supplier_wise_sales_analytics/supplier_wise_sales_analytics.py,False,,0.0,,
superfluous-parens,446b7ec04b3302689acf1c9d4e78c89d3a0b3a69,quantumlib/Cirq,cirq-core/cirq/experiments/fidelity_estimation.py,False,,0.0,,
superfluous-parens,6d888bea044fa063e00b90bc80c4aab8e29f7004,pytroll/satpy,satpy/readers/fci_l2_nc.py,False,,0.0,,
superfluous-parens,db986692f1f73614290ba9116f0d28d6b1c01062,google/timesketch,timesketch/lib/analyzers/gcp_servicekey.py,False,,0.0,,
superfluous-parens,9e472d57e043a782ba33ee838373c96a736c9a1a,SimpleITK/SimpleITK,Examples/Python/SimpleGaussianProcedural.py,True,,0.0,,
superfluous-parens,5e53ee0fbf6e529500f874305c78bf53721c59be,e-mission/e-mission-server,emission/net/usercache/formatters/android/location.py,False,,0.0,,
superfluous-parens,e754928e4a84b30fb1741965e4c0c1299fea7f5a,PyPSA/PyPSA,pypsa/plot.py,False,,0.0,,
superfluous-parens,a23c2edf47698ee6702a6dccf9f83bc541819470,scikit-learn/scikit-learn,sklearn/decomposition/_dict_learning.py,False,,9.0,,
superfluous-parens,13559ad98280f41fd2aa8fe8d354448be6bb1a9a,openstax/openstax-cms,webinars/wagtail_hooks.py,False,,0.0,,
superfluous-parens,835a6b80ee84237b0796ad464438e5b6e5ab0523,candlepin/subscription-manager,src/subscription_manager/printing_utils.py,True,,0.0,,
superfluous-parens,309eac9019c224dfd79a78e381cfcb70fee190f3,fujicoin/fujicoin,contrib/devtools/symbol-check.py,False,,0.0,,
superfluous-parens,c0c5b2ebdddbe8898ce2d5e5365f4931ff73b6bf,frappe/frappe,frappe/email/doctype/notification/notification.py,False,False,0.0,,
superfluous-parens,99fc0e0c8684ecd7e683093605aea09857529340,SeleniumHQ/selenium,py/selenium/webdriver/support/color.py,False,False,0.0,,
superfluous-parens,9623b6ba2f56ca1a7a2f1e7ee3ce592a9ea4df7f,bukun/TorCMS,torcms/model/category_model.py,False,,0.0,,
superfluous-parens,48eb6a685f43ac18e8bb6184cd689455e6040331,radiasoft/sirepo,sirepo/template/warppba.py,False,,0.0,,
superfluous-parens,47dd54f727f09a47e84fb4cb53d33f9b0f239edb,scikit-learn/scikit-learn,sklearn/covariance/_elliptic_envelope.py,False,,0.0,,
superfluous-parens,9e472d57e043a782ba33ee838373c96a736c9a1a,SimpleITK/SimpleITK,Examples/ImageRegistrationMethod4/ImageRegistrationMethod4.py,False,,0.0,,
superfluous-parens,c99d3cd559fa250ef9a7adbbe5d27faff285ae4a,tensorflow/tensorflow,tensorflow/python/ops/control_flow_ops.py,False,False,0.0,,
superfluous-parens,6ee755d8a1f37fb7090146328d40ed27f35e7b8e,MontrealCorpusTools/Montreal-Forced-Aligner,montreal_forced_aligner/corpus/classes.py,False,,5.0,,
superfluous-parens,09e475248e5c57c5df9fd29f1ae187023373c95e,automl/auto-sklearn,autosklearn/automl.py,,,,,
superfluous-parens,330fa5e7581192b978deaca4d08ffea90d72cb25,czcorpus/kontext,lib/conclib/pyconc.py,False,,0.0,,
superfluous-parens,8cc5e04b8a54060de8a707f9a6dd25f1ddd10db5,ECP-CANDLE/Benchmarks,Pilot1/Attn/attn_baseline_keras2.py,False,,0.0,,
superfluous-parens,4453504f7ae12b6648ade53c700989702b4cf028,CenterForOpenScience/osf.io,admin/preprints/views.py,,,,,
superfluous-parens,dd4e35c64d87c6a96f015b75c9ce16eae4e1d8c8,colour-science/colour,colour/models/rgb/transfer_functions/cineon.py,False,,0.0,,
superfluous-parens,494bd9ef78313436f0424b918f200dab8fc7c20b,frappe/erpnext,erpnext/www/support/index.py,False,,0.0,,
superfluous-parens,53b5f4458cfa4f3b23b3256a6ee16e99addbeeba,biorack/metatlas,metatlas/io/file_converter.py,False,,5.0,,
superfluous-parens,8ca429cb34b50f9611d77b9dd26fdd892a91bdbd,mupif/mupif,mupif/pyroutil.py,False,,2.0,,
superfluous-parens,3b408f23f50889c7d1c6fee9329c76b739b9f667,MIT-LCP/wfdb-python,wfdb/processing/peaks.py,False,,0.0,,
superfluous-parens,9e472d57e043a782ba33ee838373c96a736c9a1a,SimpleITK/SimpleITK,Examples/ImageRegistrationMethod1/ImageRegistrationMethod1.py,False,,0.0,,
superfluous-parens,0974a9f62d91691c1616de7ccc5c4bbbcc047ea7,aerospike/aerospike-admin,lib/utils/util.py,False,,1.0,,
superfluous-parens,1fddbf50c256358223aed477ce5363604166d0d1,dsavransky/EXOSIMS,EXOSIMS/util/CheckScript.py,False,,0.0,,
superfluous-parens,be2dfaf10d6cae138931134cde398b114d1cdcec,automl/auto-sklearn,autosklearn/metalearning/metalearning/meta_base.py,False,,0.0,,
superfluous-parens,bc8dbdf4cccd1e4864706cdffcde9bc42a812972,astropy/astropy,astropy/utils/state.py,False,,5.0,,
superfluous-parens,9e472d57e043a782ba33ee838373c96a736c9a1a,SimpleITK/SimpleITK,Examples/Python/ConnectedThresholdImageFilter.py,False,,0.0,,
superfluous-parens,51cc256ddda61f9ce145b44df331e18a77e4172d,PMEAL/OpenPNM,openpnm/algorithms/_invasion_percolation.py,False,,0.0,,
superfluous-parens,4c0227a7302c70911d04f0464875dffdcc5fa548,ToFuProject/tofu,tofu/data/_DataCollection_class.py,False,,0.0,,
superfluous-parens,c31a400990513d180fdbd4ae5d597781b6b7063a,pytorch/text,torchtext/experimental/vectors.py,False,,0.0,,
superfluous-parens,201b1cee86a4df8ede6c97d962ac331ad0378140,openstack/python-openstackclient,openstackclient/image/v2/image.py,False,,0.0,,
superfluous-parens,0e24f411f2271388f313be787d771445092b5a71,SeleniumHQ/selenium,py/selenium/webdriver/support/color.py,False,False,0.0,,
superfluous-parens,6019f8e84476e257bb24b026105fcf4d22ce0b4c,nortikin/sverchok,ui/sv_3d_panel.py,False,,0.0,,
superfluous-parens,db9529bdf62cd9874d8124dab604759003b10bc4,nortikin/sverchok,core/main_tree_handler.py,False,,0.0,,
superfluous-parens,835a6b80ee84237b0796ad464438e5b6e5ab0523,candlepin/subscription-manager,src/subscription_manager/repofile.py,False,,0.0,,
superfluous-parens,9e472d57e043a782ba33ee838373c96a736c9a1a,SimpleITK/SimpleITK,Examples/ImageRegistrationMethodBSpline2/ImageRegistrationMethodBSpline2.py,False,,0.0,,
superfluous-parens,72d61f80ae4b3c145ba329cff7e08512e185a849,desihub/desispec,py/desispec/scripts/group_spectra.py,False,,0.0,,
superfluous-parens,afe40ff91fb433ca1a5c2cd876d94268793bbe91,zynthian/zynthian-ui,zyngine/zynthian_engine_jalv.py,,,,,
superfluous-parens,494bd9ef78313436f0424b918f200dab8fc7c20b,frappe/erpnext,erpnext/accounts/doctype/shipping_rule/shipping_rule.py,False,,0.0,,
superfluous-parens,9037661435b5080f92ea723384af93492a26360f,akrherz/pyIEM,src/pyiem/nws/products/vtec.py,False,,0.0,,
superfluous-parens,59220393001fb6b7c7c572c13f09884fc16a516d,quodlibet/quodlibet,quodlibet/ext/events/waveformseekbar.py,False,,1.0,,
superfluous-parens,34957b43ae27e888140a5e9042e527e336983cc8,StingraySoftware/stingray,stingray/powerspectrum.py,False,False,0.0,,
superfluous-parens,61c299408d450e665c191b5386dc973f6f7f0607,isard-vdi/isard,engine/engine/engine/services/lib/qcow.py,False,,0.0,,
superfluous-parens,fa8e9dc492112659ae87c5bec96d1615f2842cc0,NetworkManager/NetworkManager-ci,run/centos-ci/node_runner.py,,,,,
superfluous-parens,f1c6904b766d1e3569eba9dff1b551a8a6d2ad60,DFO-Ocean-Navigator/Ocean-Data-Map-Project,plotting/map.py,False,False,0.0,,
superfluous-parens,d967eccef28ce47f60d26be1c28f2d83a25f40b0,wagtail/wagtail,wagtail/contrib/settings/jinja2tags.py,False,,6.0,,
superfluous-parens,32cecd0768545efe9fbcdfe7893d86ddfc008d76,ECP-CANDLE/Benchmarks,Pilot1/Uno/uno_baseline_keras2.py,,,,,
superfluous-parens,e216e95142d538a00841beb32a44b87faf48c560,candlepin/subscription-manager,src/subscription_manager/printing_utils.py,,,,,
superfluous-parens,1f30f8e521dcb318a871b8e77ebf8221915bf833,uclapi/uclapi,backend/uclapi/workspaces/management/commands/feed_occupeye_cache.py,False,,0.0,,
superfluous-parens,f3568c0d50ac7573b53f0043b2567bde3b39bee8,apache/cassandra,pylib/cqlshlib/copyutil.py,,,,,
superfluous-parens,a5c7df5ffe4d027a91b2878c18a77414049abb3c,wikimedia/pywikibot-core,pywikibot/proofreadpage.py,False,False,2.0,,
superfluous-parens,be294d6fde1b8b37b9d557e56973deb92790ddb8,matrix-org/synapse,synapse/handlers/federation.py,False,,2.0,,
superfluous-parens,7540e7b47b55447475bb8191fb3520dd67cf7998,coreboot/chrome-ec,extra/usb_power/powerlog.py,False,,0.0,,
superfluous-parens,0e46bc728f4b7d2f8132ea64df0ba7d46a2bfc6a,MalloyDelacroix/DownloaderForReddit,DownloaderForReddit/gui/downloader_for_reddit_gui.py,False,,0.0,,
superfluous-parens,9e472d57e043a782ba33ee838373c96a736c9a1a,SimpleITK/SimpleITK,Examples/DemonsRegistration1/DemonsRegistration1.py,False,,0.0,,
superfluous-parens,0ae5aaa57097b22a017d1271ae624e0f2c7f9245,DFO-Ocean-Navigator/Ocean-Data-Map-Project,plotting/hovmoller.py,False,False,0.0,,
superfluous-parens,f44fcb07910f8699a7cfa8e77035c4e278c76555,walles/px,px/px_top.py,False,,0.0,,
superfluous-parens,7d7d5f9a2a58bbf754e406b8574cd22de4f36b60,voxpupuli/puppetboard,puppetboard/app.py,False,,0.0,,
superfluous-parens,bb12ebd389864bbba8c2c9e15ab808efae54e660,MozillaSecurity/FuzzManager,server/crashmanager/management/commands/triage_new_crash.py,False,,0.0,,
superfluous-parens,d879ab7a8cc0bcc94893844bbad277b355c7c6b5,voxpupuli/puppetboard,puppetboard/app.py,False,,0.0,,
superfluous-parens,488ffe6fdb36c7479052096489c683777597c2aa,matrix-org/synapse,synapse/handlers/federation.py,False,,1.0,,
superfluous-parens,94d49b7bc6712a425c58916fa332343d0b8dd90a,scikit-learn/scikit-learn,sklearn/neighbors/_lof.py,False,,0.0,,
superfluous-parens,21ec529987d10e0010badd37f8da3274167d436f,gitpython-developers/GitPython,git/objects/fun.py,False,,0.0,,
superfluous-parens,7f48535c1b035976a7eabf5dc7f6aea5ef02b88f,python-control/python-control,control/iosys.py,False,,0.0,,
superfluous-parens,290af16c0ff82df1dab5d1c7f44dfbc96f0233cb,NREL/hescore-hpxml,hescorehpxml/base.py,False,,0.0,,
superfluous-parens,5ebef9ad62bad2047c60edc7bf63f341cc802159,Patrick-Cole/pygmi,pygmi/raster/modest_image.py,False,False,0.0,,
superfluous-parens,e338b85957d249446c9a303367cbfc7e99f45ae1,Parsl/parsl,parsl/executors/status_handling.py,False,,0.0,,
superfluous-parens,8fb250098bb7473e0f393a68da31bceacd27b310,PMEAL/OpenPNM,openpnm/topotools/_topotools.py,False,,0.0,,
superfluous-parens,370775cb37b7b374346cb1a69b9a79f262ef20f4,lutris/lutris,lutris/gui/lutriswindow.py,False,,2.0,,
superfluous-parens,7f1bacc7dc9caf6d0ec042e39499bbf1d9a7d065,ray-project/ray,python/ray/_private/parameter.py,False,,0.0,,
superfluous-parens,dfa4852e6d1fd3de4345518b49b1bae1f3524343,StartupsPoleEmploi/labonneboite,labonneboite/scripts/create_index.py,False,,2.0,,
superfluous-parens,fd79725635b3188d100113ccec53573eacdd0387,libAtoms/matscipy,matscipy/calculators/pair_potential/calculator.py,False,,0.0,,
superfluous-parens,721460a7c4a6a7aa71c99f6fb5c28cc8e4a88f40,amccaugh/phidl,phidl/routing.py,False,,0.0,,
superfluous-parens,a5dafa05d3ac4a1e485ee440ec22ee644011a392,DFO-Ocean-Navigator/Ocean-Data-Map-Project,plotting/map.py,False,False,0.0,,
superfluous-parens,494bd9ef78313436f0424b918f200dab8fc7c20b,frappe/erpnext,erpnext/maintenance/doctype/maintenance_schedule/maintenance_schedule.py,False,,0.0,,
superfluous-parens,9a6f76e99d76ff1204f7f08a73165d313136c4ab,pvlib/pvlib-python,pvlib/tools.py,False,,0.0,,
superfluous-parens,48f9c300188e1920697332733b3d145c07a1c434,numba/numba,numba/cuda/compiler.py,False,False,0.0,,
superfluous-parens,695017f702edba26d0d2e547cc1119c4dcd2a911,desihub/desispec,py/desispec/scripts/group_spectra.py,False,,12.0,,
superfluous-parens,e7dff7f362362858dcb2131fcf289e4b3bb87dd6,openturns/otfmi,otfmi/function_exporter.py,False,,0.0,,
superfluous-parens,f9f8f1960128830b36281acb0f2005c2f364c70b,ccxt/ccxt,python/ccxt/luno.py,False,,0.0,,
superfluous-parens,0364e4afca7596559faa1f50c881d7efe0d159fb,zynthian/zynthian-ui,zyngui/zynthian_gui_controller.py,False,,0.0,,
superfluous-parens,50393fc452bf03acb1578abcc258f822992f3d39,awslabs/sockeye,sockeye/model.py,False,,0.0,,
superfluous-parens,91c3a74672d12658e83057e55010de460cb50cb6,radiasoft/sirepo,sirepo/template/warppba.py,,,,,
superfluous-parens,ba029b7d61c3276f3a5c720c2de9d85a24ff3eac,astropy/astropy,astropy/cosmology/core.py,False,,17.0,,
superfluous-parens,494bd9ef78313436f0424b918f200dab8fc7c20b,frappe/erpnext,erpnext/accounts/report/budget_variance_report/budget_variance_report.py,False,,0.0,,
superfluous-parens,679770715f6e643fb5b3da19fc724218b63e86dd,buildbot/buildbot,master/buildbot/changes/gerritchangesource.py,True,,0.0,,
superfluous-parens,bb12ebd389864bbba8c2c9e15ab808efae54e660,MozillaSecurity/FuzzManager,server/crashmanager/models.py,False,,0.0,,
superfluous-parens,3498e72aa9270f291e25bb4d849ac86f06f3142d,libAtoms/matscipy,matscipy/calculators/pair_potential/calculator.py,,,,,
superfluous-parens,9eed9bdea80797b5a1739ee11a48e213e8debf22,Alexey-T/CudaText,app/py/sys/requests/auth.py,False,,0.0,,
superfluous-parens,4bd34a58ba93f29bf531ea150d6c81d3fc72ed1a,frappe/erpnext,erpnext/accounts/doctype/purchase_invoice/purchase_invoice.py,,,,,
superfluous-parens,868f19eca55f10220f0ccea674f72fe4e9ee66ea,scikit-rf/scikit-rf,skrf/vectorFitting.py,False,False,0.0,,
superfluous-parens,494bd9ef78313436f0424b918f200dab8fc7c20b,frappe/erpnext,erpnext/stock/stock_ledger.py,False,,0.0,,
superfluous-parens,a26aad7dcfa604506ba2c5aa76ee36dc9b6d701a,tensorflow/tensorflow,tensorflow/python/framework/ops.py,False,,1.0,,
superfluous-parens,62a92f6d20ae24a3ea4688202164cb01803e67f1,indico/indico,indico/modules/users/controllers.py,False,,7.0,,
superfluous-parens,b66e3f7b1e202522eae4b997b1c999de13266456,nilouco/dpAutoRigSystem,dpAutoRigSystem/Modules/dpFoot.py,False,,0.0,,
superfluous-parens,9e472d57e043a782ba33ee838373c96a736c9a1a,SimpleITK/SimpleITK,Examples/Python/CannyEdge.py,False,,0.0,,
superfluous-parens,9e472d57e043a782ba33ee838373c96a736c9a1a,SimpleITK/SimpleITK,Examples/ImageRegistrationMethod2/ImageRegistrationMethod2.py,False,,0.0,,
superfluous-parens,41159f45191e6faeb5bf701152594dca0a04ed51,DFO-Ocean-Navigator/Ocean-Data-Map-Project,plotting/map.py,False,False,0.0,,
superfluous-parens,98b85fed7ac3175accebe864d8da9f0122f21e37,wikimedia/pywikibot-core,pywikibot/proofreadpage.py,True,,0.0,,
superfluous-parens,d9b0c6fbf7aa5bd9af84264105b39c82028a4a29,FDio/vpp,src/plugins/srv6-mobile/extra/runner.py,False,,0.0,,
superfluous-parens,d4525a1dac0de5e7f9c84e1ada6a7e48cfd276af,python-control/python-control,control/xferfcn.py,,,,,
superfluous-parens,9ba4cf4ab747fc3f825c32324aafed3d03ca7f36,gkunter/coquery,coquery/sqlwrap.py,False,,0.0,,
superfluous-parens,de4c75cdc938b65ee1af3a85051410f8643a559f,python-control/python-control,control/iosys.py,False,,0.0,,
superfluous-parens,78b99d35f04dc96596a751376656f1df1fba09c1,gitpython-developers/GitPython,git/cmd.py,False,,0.0,,
superfluous-parens,d10f15e55806c6944827d801cd9c2d53f5da4186,wagtail/wagtail,wagtail/search/backends/database/postgres/postgres.py,False,,0.0,,
superfluous-parens,e7858b6d7ef37849a3d2d5004743cdd21ec330a8,matrix-org/synapse,synapse/handlers/federation.py,,,,,
superfluous-parens,f3b72aa179a79e1028fcbd91c51899fd44c00723,RT-Thread/rt-thread,tools/rt_studio.py,False,,0.0,,
superfluous-parens,679770715f6e643fb5b3da19fc724218b63e86dd,buildbot/buildbot,master/buildbot/steps/source/repo.py,True,,0.0,,
superfluous-parens,25fda1e8e2be9528cee31f7d6bb60567f6a50917,astropy/photutils,photutils/segmentation/catalog.py,False,,0.0,,
superfluous-parens,6cd7c47409cc24bd3e8b7dfc9652934b97e32430,frappe/erpnext,erpnext/stock/doctype/item/item.py,False,,4.0,,
superfluous-parens,b458326748f515d96b69477fd3acb1dc136afc9e,FCP-INDI/C-PAC,CPAC/utils/interfaces/ants.py,False,False,16.0,,
superfluous-parens,1c4653ed977170b9755e246cb740651a65a44f22,frappe/erpnext,erpnext/accounts/doctype/purchase_invoice/purchase_invoice.py,,,,,
superfluous-parens,59e0dabcff5bfd6ec78842444a7363bfce1504bd,ligo-cbc/pycbc,pycbc/inference/models/relbin.py,False,,7.0,,
superfluous-parens,9e472d57e043a782ba33ee838373c96a736c9a1a,SimpleITK/SimpleITK,Examples/Python/ReadAndShow.py,True,,0.0,,
superfluous-parens,9e472d57e043a782ba33ee838373c96a736c9a1a,SimpleITK/SimpleITK,Examples/N4BiasFieldCorrection/N4BiasFieldCorrection.py,False,,0.0,,
superfluous-parens,6247cec4cc5ec2e6385897ca3b2cbb853b481441,envoyproxy/envoy,tools/proto_format/proto_sync.py,False,,0.0,,
superfluous-parens,bab38307974b19cbeb933c6eafdeec461724124b,espressif/esp-idf,components/espcoredump/espcoredump.py,False,,0.0,,
superfluous-parens,7f1bacc7dc9caf6d0ec042e39499bbf1d9a7d065,ray-project/ray,rllib/utils/spaces/space_utils.py,False,,0.0,,
superfluous-parens,494bd9ef78313436f0424b918f200dab8fc7c20b,frappe/erpnext,erpnext/manufacturing/report/production_plan_summary/production_plan_summary.py,False,,0.0,,
superfluous-parens,c34d40a7689e336752ea64c94893930c38268271,anselmobd/fo2,src/logistica/management/commands/sync_nf.py,False,,0.0,,
superfluous-parens,27ce4d13df3a4952d0cda25b1b5d775ba24f5cbe,espressif/esp-idf,components/espcoredump/espcoredump.py,False,,23.0,,
superfluous-parens,5a71c29f711e061273e3c8a69c2c356593f9abc1,zynthian/zynthian-ui,zyngine/zynthian_engine_jalv.py,False,,0.0,,
superfluous-parens,ed25abe05fe3c6509b8245cb760cb7098dd8de72,matrix-org/synapse,synapse/handlers/message.py,True,,0.0,,
superfluous-parens,9e472d57e043a782ba33ee838373c96a736c9a1a,SimpleITK/SimpleITK,Examples/ImageRegistrationMethodBSpline3/ImageRegistrationMethodBSpline3.py,False,,0.0,,
superfluous-parens,75e0e8cf41f8cac1a8d6abf5b19dba9968cb4316,apache/cassandra,pylib/cqlshlib/copyutil.py,,,,,
superfluous-parens,75a2452b170e23caeb5e7d3e56496937c68b645a,lowRISC/opentitan,hw/top_englishbreakfast/util/prepare_sw.py,False,,3.0,,
superfluous-parens,6a4da01505118701b358368b7adfe2f711bc30d4,FCP-INDI/C-PAC,CPAC/pipeline/engine.py,False,,0.0,,
superfluous-parens,0a811b178ee0248be05b226841ebaae478b5e7bf,astropy/astropy,astropy/cosmology/core.py,False,,0.0,,
superfluous-parens,fa006402b897f9d5a003fa992d2bbb9b88cbf08c,frappe/erpnext,erpnext/stock/doctype/stock_reconciliation/stock_reconciliation.py,False,,3.0,,
superfluous-parens,5edef0dcf9ae6d53d58a4a14d52a85cbe5b49f74,RiiConnect24/File-Maker,Channels/Nintendo_Channel/ninfile2.py,False,,0.0,,
superfluous-parens,d3d212590286f6ff7c1ee03ca30fb7949f6d707a,StartupsPoleEmploi/labonneboite,labonneboite/common/util.py,False,,1.0,,
superfluous-parens,9e472d57e043a782ba33ee838373c96a736c9a1a,SimpleITK/SimpleITK,Examples/SimpleGaussian/SimpleGaussian.py,True,,0.0,,
superfluous-parens,8cc5e04b8a54060de8a707f9a6dd25f1ddd10db5,ECP-CANDLE/Benchmarks,common/ckpt_keras_utils.py,False,,0.0,,
superfluous-parens,24b29c7eda8b683dca18df055a8873ff0d5310de,dnanexus/dx-toolkit,src/python/dxpy/cli/parsers.py,,,,,
superfluous-parens,cec1b77f90bf2eb4b93763b487681fed57aeda53,FCP-INDI/C-PAC,CPAC/utils/interfaces/ants.py,False,,10.0,,
superfluous-parens,434110c266bf266d0ff057113791ad42e080f835,Parallel-in-Time/pySDC,pySDC/implementations/controller_classes/controller_nonMPI.py,,,,,
superfluous-parens,af52b907f23ac63725f2c41503965eb125bd81c7,astropy/photutils,photutils/segmentation/catalog.py,False,,2.0,,
superfluous-parens,bdab0eea0ff5efcbc5b1d24a68ec16909c495152,frappe/erpnext,erpnext/accounts/doctype/purchase_invoice/purchase_invoice.py,False,False,0.0,,
superfluous-parens,db96513a575ed68f7022ae53750bf7e76f361be5,lowRISC/opentitan,hw/vendor/lowrisc_ibex/vendor/google_riscv-dv/pygen/pygen_src/riscv_instr_pkg.py,,,,,
superfluous-parens,0ef99a505068879b8b111f93b7c9be6e8f465287,jim-easterbrook/Photini,src/photini/metadata.py,False,,20.0,,
superfluous-parens,494bd9ef78313436f0424b918f200dab8fc7c20b,frappe/erpnext,erpnext/accounts/doctype/process_statement_of_accounts/process_statement_of_accounts.py,False,,0.0,,
superfluous-parens,d214a5e52c0a3b5dc2bb2cd16548810e52a9ae48,materialsproject/pymatgen-db,pymatgen/db/util.py,False,False,0.0,,
superfluous-parens,800ba87cc881856adae19ec40485578356398639,matrix-org/synapse,synapse/handlers/room_member.py,False,,0.0,,
superfluous-parens,bb12ebd389864bbba8c2c9e15ab808efae54e660,MozillaSecurity/FuzzManager,FTB/CoverageHelper.py,False,,0.0,,
superfluous-parens,d10f15e55806c6944827d801cd9c2d53f5da4186,wagtail/wagtail,wagtail/admin/views/page_privacy.py,False,,0.0,,
superfluous-parens,494bd9ef78313436f0424b918f200dab8fc7c20b,frappe/erpnext,erpnext/accounts/doctype/purchase_invoice/purchase_invoice.py,False,,0.0,,
superfluous-parens,07eb7168586ac6ba0b6cbda5749d4bf00e63ee89,ecederstrand/exchangelib,exchangelib/util.py,False,,0.0,,
superfluous-parens,39d005c6b7008dd548eaf5b8243ec901a8da5a1e,NREL/hescore-hpxml,hescorehpxml/base.py,False,,0.0,,
superfluous-parens,dbc97c40e3a9db672992c48afe393f5b9a6fd719,indico/indico,indico/modules/users/controllers.py,False,,2.0,,
superfluous-parens,6ba29dc506f4048a1683b11832047d39ca025a16,City-of-Helsinki/kerrokantasi,democracy/views/section.py,False,,0.0,,
superfluous-parens,0762ce4537cd34aa7851e0507f458ccdd8df62a6,ligo-cbc/pycbc,pycbc/workflow/configuration.py,False,,0.0,,
superfluous-parens,1717a414c837fd08adb68158e27d451c67d465c6,kivy/kivy,kivy/uix/bubble.py,False,,10.0,,
superfluous-parens,9e472d57e043a782ba33ee838373c96a736c9a1a,SimpleITK/SimpleITK,Examples/Python/ImageCreateAndSet.py,False,,0.0,,
superfluous-parens,7f1bacc7dc9caf6d0ec042e39499bbf1d9a7d065,ray-project/ray,python/ray/_private/prometheus_exporter.py,False,,0.0,,
superfluous-parens,dd4e35c64d87c6a96f015b75c9ce16eae4e1d8c8,colour-science/colour,colour/appearance/hunt.py,False,,0.0,,
superfluous-parens,63998f6fb7ea449e64bf5c681e94a046a680818a,cmjatai/cmj,cmj/videos/models.py,False,,0.0,,
superfluous-parens,800ba87cc881856adae19ec40485578356398639,matrix-org/synapse,synapse/storage/databases/main/roommember.py,True,,0.0,,
superfluous-parens,a5acd69aa4769318ad6db4b1dd50fd6dd64dfc0c,ECP-CANDLE/Benchmarks,Pilot1/Uno/uno_baseline_keras2.py,False,,4.0,,
superfluous-parens,a215b698c43f4cfe8a2fdb9c160c8ecd1c1297c5,matrix-org/synapse,synapse/handlers/federation.py,False,,0.0,,
superfluous-parens,513ccc060635641d9cd5b40c5bb48a4b9a2c9387,spectralDNS/shenfun,shenfun/legendre/bases.py,False,,4.0,,
superfluous-parens,6ba29dc506f4048a1683b11832047d39ca025a16,City-of-Helsinki/kerrokantasi,democracy/models/images.py,True,,0.0,,
superfluous-parens,09364c254ea208f602a6d42c546c502743c97e88,Kozea/WeasyPrint,weasyprint/document.py,False,,0.0,,
superfluous-parens,d307bf2f52633347ea91cc7c0cb08a381195e121,mujin/mujincontrollerclientpy,python/mujincontrollerclient/planningclient.py,False,,0.0,,
superfluous-parens,b918471aa1d3ae60f5c1370d6a202b30912d523d,numba/numba,numba/cuda/compiler.py,False,,0.0,,
superfluous-parens,1670903ae3aedf86f2b9163abc0917cd2a4fba74,FCP-INDI/C-PAC,CPAC/pipeline/engine.py,False,,0.0,,
superfluous-parens,0904607b405185a37acb34e77f6d2fe597927e8e,python-poetry/poetry-core,src/poetry/core/_vendor/lark/utils.py,False,,7.0,,
superfluous-parens,5c48d059bb07b64b92722f249b38aaee7219ab47,candlepin/subscription-manager,src/subscription_manager/managerlib.py,,,,,
superfluous-parens,4b9287f336cc473554808651cfd584869ae9714b,astropy/astropy,astropy/cosmology/core.py,False,,0.0,,
superfluous-parens,9eed9bdea80797b5a1739ee11a48e213e8debf22,Alexey-T/CudaText,app/py/sys/requests/models.py,False,,0.0,,
superfluous-parens,b15ff1813f2365a5356922922f94a15d1eafb605,rackerlabs/django-DefectDojo,dojo/tools/scout_suite/parser.py,False,,0.0,,
superfluous-parens,634131961af9c1d88b34797c1c45000f71a76dae,apache/cassandra,pylib/cqlshlib/copyutil.py,False,,0.0,,
superfluous-parens,17b814f9783a8d463b58ebaa528a2dfd3483e68a,nanophotonics/nplab,nplab/instrument/camera/thorlabs/kiralux.py,False,,3.0,,
superfluous-parens,b5abf68b0d462181b9a7625d640492dc74e5c71d,frappe/erpnext,erpnext/stock/doctype/item/item.py,False,,4.0,,
superfluous-parens,9fd5e4cc9c03a257287f06bb86b6bb6f08f51087,luci/luci-py,appengine/third_party/gae_ts_mon/config.py,False,,2.0,,
superfluous-parens,1e6e4d328f8c962dbadd453a2cf007695a9f7ed0,candlepin/subscription-manager,src/subscription_manager/managerlib.py,,,,,
superfluous-parens,2290b38ab3d02ca67d6c2177fa9521720d48b0f0,openstack/python-openstackclient,openstackclient/image/v2/image.py,False,,0.0,,
superfluous-parens,494bd9ef78313436f0424b918f200dab8fc7c20b,frappe/erpnext,erpnext/selling/report/available_stock_for_packing_items/available_stock_for_packing_items.py,False,,0.0,,
superfluous-parens,e1c233dd5ccba4e3b539be334b5297b68d3baaeb,NREL/hescore-hpxml,hescorehpxml/base.py,False,,0.0,,
superfluous-parens,faf9c2ffa5ae444b3e7a4836c87198b0c82f3838,facebook/fbthrift,thrift/lib/py/util/Decorators.py,False,,0.0,,
superfluous-parens,5578999a90e439fbca06fc0ffc98f4d04e96f7b4,mongodb/mongo-python-driver,pymongo/command_cursor.py,False,,0.0,,
superfluous-parens,d85f60551c4aec26980d5908dfe8d3d688af2808,zynthian/zynthian-ui,zyngine/zynthian_engine_jalv.py,,,,,
superfluous-parens,c0c5b2ebdddbe8898ce2d5e5365f4931ff73b6bf,frappe/frappe,frappe/utils/doctor.py,False,False,0.0,,
superfluous-parens,ea4d831f9285b0d3f611549cffa4588809870e30,materialsproject/pymatgen-db,pymatgen/db/util.py,False,,0.0,,
superfluous-parens,c691804af00366f60af2cac8fd5823404e1f83bc,udapi/udapi-python,udapi/core/coref.py,False,,19.0,,
superfluous-parens,1690094bdb8f606685e46f26c17ddadb925d0a20,huggingface/transformers,src/transformers/trainer_pt_utils.py,False,,0.0,,
superfluous-parens,f0f98be6929f6cf8f8906d6bdfd32b7be2863846,analyst-collective/dbt,core/dbt/graph/selector_methods.py,False,,0.0,,
superfluous-parens,d788ac6577a5c722cc752a7d0e420d4f50bc034e,radiasoft/sirepo,sirepo/template/raydata.py,False,,0.0,,
superfluous-parens,38c905a41b1c12a195db262bd218a8e7a5be84a1,amccaugh/phidl,phidl/routing.py,False,,0.0,,
superfluous-parens,983e0a20580b413880977862e3b291c5f422e241,bitcoin/bitcoin,contrib/devtools/security-check.py,False,,0.0,,
superfluous-parens,431c5873674cf184dc4f4f464df59dbb4fa4d894,catalyst-cooperative/pudl,src/pudl/output/eia860.py,False,,0.0,,
superfluous-parens,5578999a90e439fbca06fc0ffc98f4d04e96f7b4,mongodb/mongo-python-driver,gridfs/grid_file.py,False,,0.0,,
superfluous-parens,5a2928fe954609a31d92306aa9e0470edea30a54,rackerlabs/django-DefectDojo,dojo/user/views.py,True,,0.0,,
superfluous-parens,0b1a9e804fc9e2353096b485ac08656fbec3cc7b,cobbler/cobbler,cobbler/remote.py,False,,0.0,,
superfluous-parens,e8610c44977fb4578f436fdb78d5f7136ea7a9b4,numba/numba,numba/cuda/compiler.py,False,,1.0,,
superfluous-parens,f3039dfa7412b4547336e67da437cb9e99311bcd,DFO-Ocean-Navigator/Ocean-Data-Map-Project,plotting/map.py,False,False,0.0,,
superfluous-parens,dd4e35c64d87c6a96f015b75c9ce16eae4e1d8c8,colour-science/colour,colour/appearance/kim2009.py,False,,0.0,,
superfluous-parens,21ec529987d10e0010badd37f8da3274167d436f,gitpython-developers/GitPython,git/objects/tree.py,False,,0.0,,
superfluous-parens,6c3853a325b89fb356100bfe595ddd4a7214cdae,pypa/pip,src/pip/_vendor/requests/auth.py,False,,0.0,,
superfluous-parens,b45d056c1fe123542c8f01684462561889da8060,aerospike/aerospike-admin,lib/utils/util.py,False,,7.0,,
superfluous-parens,5a83c7c643d6082d5829207864eca4969ee26a38,rocky/python-uncompyle6,uncompyle6/scanners/scanner30.py,False,,0.0,,
superfluous-parens,494bd9ef78313436f0424b918f200dab8fc7c20b,frappe/erpnext,erpnext/stock/doctype/material_request/material_request.py,False,,0.0,,
superfluous-parens,dfd23f61d5da4d8531a10f0d829ab5b05bce292e,PyCQA/pylint,pylint/checkers/non_ascii_names.py,False,,0.0,,
superfluous-parens,8cc5e04b8a54060de8a707f9a6dd25f1ddd10db5,ECP-CANDLE/Benchmarks,Pilot1/Uno/uno_baseline_keras2.py,False,,0.0,,
superfluous-parens,c36524ec547046847197b0df185f8b3996c861ae,frappe/erpnext,erpnext/accounts/doctype/account/chart_of_accounts/chart_of_accounts.py,False,,0.0,,
superfluous-parens,be2dfaf10d6cae138931134cde398b114d1cdcec,automl/auto-sklearn,autosklearn/automl.py,False,,0.0,,
superfluous-parens,044dae377eb4818077f0bee6b03922c47d38483b,Erotemic/ubelt,ubelt/util_zip.py,False,,0.0,,
superfluous-parens,9e472d57e043a782ba33ee838373c96a736c9a1a,SimpleITK/SimpleITK,Examples/FilterProgressReporting/FilterProgressReporting.py,False,,0.0,,
superfluous-parens,fc26f640116faeea734ca4a0f5c5a4a51d631561,frappe/erpnext,erpnext/stock/doctype/stock_reconciliation/stock_reconciliation.py,False,,7.0,,
superfluous-parens,17995ef42d161c36a212b7be0998671df739e185,astropy/astropy,astropy/cosmology/core.py,False,,0.0,,
superfluous-parens,8cc5e04b8a54060de8a707f9a6dd25f1ddd10db5,ECP-CANDLE/Benchmarks,common/calibration_main.py,False,,0.0,,
superfluous-parens,b66e3f7b1e202522eae4b997b1c999de13266456,nilouco/dpAutoRigSystem,dpAutoRigSystem/Modules/dpSingle.py,False,,0.0,,
superfluous-parens,7f1bacc7dc9caf6d0ec042e39499bbf1d9a7d065,ray-project/ray,python/ray/remote_function.py,False,,0.0,,
superfluous-parens,7f1bacc7dc9caf6d0ec042e39499bbf1d9a7d065,ray-project/ray,python/ray/_private/utils.py,False,,0.0,,
superfluous-parens,b48595e419a02592dcf319ea4b4dda0912efa050,openstack/neutron,neutron/plugins/ml2/drivers/l2pop/db.py,False,,3.0,,
superfluous-parens,6997b117c9a09fdefa03c92117138c6a8c44751a,hasgeek/funnel,funnel/models/sync_ticket.py,False,,0.0,,
superfluous-parens,a3095313a2ba9e37e24f6180c4decc77cd6a2b0d,librosa/librosa,librosa/core/audio.py,False,,1.0,,
superfluous-parens,2026148dbe6d5e8e2c9701b7db0d1041be662307,frappe/erpnext,erpnext/accounts/doctype/purchase_invoice/purchase_invoice.py,,,,,
superfluous-parens,7c95b392aa48f396e02adc2f7052455166feb189,scikit-learn/scikit-learn,sklearn/ensemble/_iforest.py,False,,0.0,,
superfluous-parens,72ef4fdfbadadc00bfcd85e92dcb6380d0fd93ef,datajoint/datajoint-python,datajoint/diagram.py,False,,0.0,,
superfluous-parens,734bfcdfc2878ea9e69d90f83a02a30912cecb26,frappe/erpnext,erpnext/accounts/doctype/purchase_invoice/purchase_invoice.py,,,,,
superfluous-parens,a6b2f9bcc77f1468e3679458f16f5716b771cee4,StartupsPoleEmploi/labonneboite,labonneboite/common/util.py,False,,0.0,,
superfluous-parens,8cc5e04b8a54060de8a707f9a6dd25f1ddd10db5,ECP-CANDLE/Benchmarks,examples/image-vae/model.py,False,,0.0,,
superfluous-parens,427a7d443bcda520448768f00768859cda19e77c,wikimedia/pywikibot-core,scripts/add_text.py,False,,0.0,,
superfluous-parens,b60fad61136d8e85e055e9b3628cccce7302c7bd,frappe/erpnext,erpnext/accounts/doctype/purchase_invoice/purchase_invoice.py,False,,0.0,,
superfluous-parens,494bd9ef78313436f0424b918f200dab8fc7c20b,frappe/erpnext,erpnext/stock/reorder_item.py,False,,0.0,,
superfluous-parens,6372f281f4bd4b97a4c53988ed61bdc91cebc054,libAtoms/matscipy,matscipy/calculators/pair_potential/calculator.py,,,,,
superfluous-parens,f4984ec186d2c765fc0a550b225df360f6a62b9d,akrherz/pyIEM,src/pyiem/nws/products/saw.py,False,,0.0,,
superfluous-parens,ad08d4ce9611e9d5f59e674bd6198a9eef2cdc5f,frappe/erpnext,erpnext/accounts/doctype/purchase_invoice/purchase_invoice.py,,,,,
superfluous-parens,494bd9ef78313436f0424b918f200dab8fc7c20b,frappe/erpnext,erpnext/accounts/doctype/exchange_rate_revaluation/exchange_rate_revaluation.py,False,,0.0,,
superfluous-parens,0ae5aaa57097b22a017d1271ae624e0f2c7f9245,DFO-Ocean-Navigator/Ocean-Data-Map-Project,plotting/map.py,False,False,0.0,,
superfluous-parens,4038977e2ed3f5e33b8c7151896c79ed3043981b,frappe/erpnext,erpnext/stock/doctype/stock_reconciliation/stock_reconciliation.py,False,False,0.0,,
superfluous-parens,ef38f8442e6ffad0677bc67b270481eced09ca0b,wikimedia/pywikibot-core,scripts/add_text.py,,,,,
superfluous-parens,c3daeef9312c848b2d76c2128602c112ab5ddfbd,envoyproxy/nighthawk,tools/gen_compilation_database.py,False,,0.0,,
superfluous-parens,424aac28f05806d8e54413956a95f4bb957acb49,streamlink/streamlink,src/streamlink_cli/utils/progress.py,False,,12.0,,
superfluous-parens,8cc5e04b8a54060de8a707f9a6dd25f1ddd10db5,ECP-CANDLE/Benchmarks,Pilot1/Uno/uno_clr_keras2.py,False,,0.0,,
superfluous-parens,800ba87cc881856adae19ec40485578356398639,matrix-org/synapse,synapse/handlers/e2e_keys.py,False,,0.0,,
superfluous-parens,dd213b8d5543230bf47a9de1c8c9eb0cb4a5cb6a,alphagov/notifications-api,app/schemas.py,False,,0.0,,
superfluous-parens,8e65989821835517bc4c7ee309f3ac418f7f5669,apache/allura,ForgeDiscussion/forgediscussion/controllers/root.py,,,,,
superfluous-parens,ff14f1d016f20d6abf1953fdb30f2a43c9b65e84,mujin/mujincontrollerclientpy,python/mujincontrollerclient/planningclient.py,False,False,1.0,,
superfluous-parens,8cc5e04b8a54060de8a707f9a6dd25f1ddd10db5,ECP-CANDLE/Benchmarks,examples/ADRP/reg_go2.py,False,,0.0,,
superfluous-parens,eb1fcd4c3de5443ed48a7dddbaf85a3951ff23eb,colour-science/colour,colour/notation/munsell.py,False,,0.0,,
superfluous-parens,f9f8f1960128830b36281acb0f2005c2f364c70b,ccxt/ccxt,python/ccxt/async_support/luno.py,False,,0.0,,
superfluous-parens,c7efaa68dd52b4949b9eb97c35ee29de3480a153,CompassionCH/compassion-switzerland,partner_communication_switzerland/models/partner_communication.py,False,,2.0,,
superfluous-parens,1b97fb90bb0b0f2c3496f3506868474111f9b40a,librosa/librosa,librosa/core/audio.py,False,,0.0,,
superfluous-parens,222116a4fdb2f6788371d8b1bc847bcdae7e0e33,PyPSA/PyPSA,examples/multi-decade-example.py,True,,0.0,,
superfluous-parens,494bd9ef78313436f0424b918f200dab8fc7c20b,frappe/erpnext,erpnext/accounts/doctype/chart_of_accounts_importer/chart_of_accounts_importer.py,False,,0.0,,
superfluous-parens,0ecc97fae470bfbb13f9bac7f504b701322928d3,privacyidea/privacyidea,privacyidea/lib/importotp.py,,,,,
superfluous-parens,8cc5e04b8a54060de8a707f9a6dd25f1ddd10db5,ECP-CANDLE/Benchmarks,Pilot1/Attn/attn_abstention_keras2.py,False,,0.0,,
superfluous-parens,7f1bacc7dc9caf6d0ec042e39499bbf1d9a7d065,ray-project/ray,rllib/utils/exploration/per_worker_ornstein_uhlenbeck_noise.py,False,,0.0,,
superfluous-parens,3c874f231142073eb058c138df6b116c61715bdf,f-droid/fdroidclient,tools/pick-complete-translations.py,False,,0.0,,
superfluous-parens,86d61af715f43dac1f7daf4495e7321203a993a4,protwis/protwis,ligand/functions.py,False,,0.0,,
superfluous-parens,494bd9ef78313436f0424b918f200dab8fc7c20b,frappe/erpnext,erpnext/patches/v11_0/add_item_group_defaults.py,False,,0.0,,
superfluous-parens,8d47fb483ac674ade3b54dd5f60608215f4e6174,Harmon758/Harmonbot,Discord/cogs/games.py,False,,0.0,,
superfluous-parens,26674363435d90df2fce6e2939be1da4c829324e,demisto/content,Packs/CTIX/Integrations/CTIX/CTIX.py,False,,2.0,,
superfluous-parens,d10f15e55806c6944827d801cd9c2d53f5da4186,wagtail/wagtail,wagtail/admin/views/pages/edit.py,False,,0.0,,
superfluous-parens,1849e881b800347680c9f7778829ca0b8a84fa09,CenterForOpenScience/osf.io,admin/preprints/views.py,False,,18.0,,
superfluous-parens,4826636e2de931c7f10bcb612c0e61ca218d2bec,pcolmant/repanier,repanier/models/invoice.py,False,,0.0,,
superfluous-parens,349461e9e6c5507e16f4560f6ddab32196e553ab,frappe/erpnext,erpnext/accounts/doctype/purchase_invoice/purchase_invoice.py,,,,,
superfluous-parens,679770715f6e643fb5b3da19fc724218b63e86dd,buildbot/buildbot,master/buildbot/www/hooks/base.py,True,,0.0,,
superfluous-parens,f71b23ddf8b93c63f0c42eb3cecf77aff177530d,lowRISC/ibex,vendor/google_riscv-dv/pygen/pygen_src/riscv_instr_pkg.py,,,,,
superfluous-parens,aca350dca3b57553cc5b880fde3733cf0bd5d6aa,olivierfriard/BORIS,boris/plot_spectrogram_rt.py,False,,0.0,,
superfluous-parens,14b53b94f730b7c8812b8871b793fb321bab8138,reviewboard/ReviewBot,bot/reviewbot/tools/rustfmt.py,True,,0.0,,
superfluous-parens,13ec41abb27ce77e66c9c5d938de9d48ea1b3e44,frappe/erpnext,erpnext/projects/doctype/task/task.py,False,False,0.0,,
superfluous-parens,3824c3e9c5bb66b768e5ba2b56e8427e4f4f3c59,SeleniumHQ/selenium,py/selenium/webdriver/support/color.py,True,,0.0,,
superfluous-parens,e998977e05ddc6937de9ee6f8229c3661b219614,pekrau/Publications,publications/subset.py,False,,0.0,,
superfluous-parens,cd81cd537820b3e18d964a658c9522cf4f5717e6,PanDAWMS/panda-bigmon-core,core/cachecontroller/schedinstances/PandaLogsStorageCleanUp.py,False,,0.0,,
superfluous-parens,165213ca5c39e822379abb92b5c4f0df8769535b,rocky/python3-trepan,trepan/processor/command/info_subcmd/files.py,False,,0.0,,
superfluous-parens,7ca2252a6f05ffd1da43fe4d8b177c26f7edc416,jim-easterbrook/Photini,src/photini/ipernity.py,False,,0.0,,
superfluous-parens,583c895a5b99d3bb617e43f05b6b87e190cc7101,indico/indico,indico/modules/users/controllers.py,False,,2.0,,
superfluous-parens,7f1bacc7dc9caf6d0ec042e39499bbf1d9a7d065,ray-project/ray,python/ray/util/dask/scheduler.py,False,,0.0,,
superfluous-parens,5578999a90e439fbca06fc0ffc98f4d04e96f7b4,mongodb/mongo-python-driver,pymongo/message.py,False,,0.0,,
superfluous-parens,061acf62a15ad3dbb9f055b7c2569b9832ed623a,bitcoin/bitcoin,contrib/devtools/security-check.py,False,,0.0,,
superfluous-parens,c2b57d8e292c2d7e1c404c359a5e1ae2eac1a8cc,mupif/mupif,mupif/heavydata.py,,,,,
superfluous-parens,9d6b7ced2a13da0d074b5e9fbd3aad8311e26997,google/brax,brax/envs/humanoid.py,False,,2.0,,
superfluous-parens,494bd9ef78313436f0424b918f200dab8fc7c20b,frappe/erpnext,erpnext/controllers/buying_controller.py,False,,0.0,,
superfluous-parens,03d3792f3c7978ecc057cab19ff95c8310403665,matrix-org/synapse,synapse/handlers/federation.py,False,,0.0,,
superfluous-parens,494bd9ef78313436f0424b918f200dab8fc7c20b,frappe/erpnext,erpnext/projects/doctype/task/task.py,False,,0.0,,
superfluous-parens,f9db3c152759f5487aca66e976587b6245ce5d29,automl/auto-sklearn,autosklearn/automl.py,False,,0.0,,
superfluous-parens,ca7ed9cf6b733a425ab5333763e9a5fd518d89e8,lowRISC/opentitan,util/dvsim/FlowCfg.py,False,,0.0,,
superfluous-parens,0ddca284542aed89df4a22607a2da03f193f083c,openstack/neutron,neutron/agent/common/ovs_lib.py,False,,1.0,,
superfluous-parens,9e472d57e043a782ba33ee838373c96a736c9a1a,SimpleITK/SimpleITK,Examples/Python/NeighborhoodConnectedImageFilter.py,False,,0.0,,
superfluous-parens,835a6b80ee84237b0796ad464438e5b6e5ab0523,candlepin/subscription-manager,src/subscription_manager/cli_command/identity.py,False,,0.0,,
superfluous-parens,3c361a4749cde5416b3c0b9f7c67ab91380a0cf6,anselmobd/fo2,src/logistica/management/commands/sync_nf.py,,,,,
superfluous-parens,b9134bc531f08e98868f70ea3e41e8fade80e62d,CenterForOpenScience/osf.io,admin/preprints/views.py,False,,1.0,,
superfluous-parens,7540e7b47b55447475bb8191fb3520dd67cf7998,coreboot/chrome-ec,util/config_option_check.py,False,,0.0,,
superfluous-parens,95ba32f80f5e6ced26f0c039957f18e127b7543e,sony/nnabla,python/src/nnabla/models/object_detection/yolov2.py,False,,0.0,,
superfluous-parens,93a3be5d21028331a88c42ef9dfa10566bcd6d1f,mne-tools/mne-python,mne/utils/docs.py,False,,0.0,,
superfluous-parens,165213ca5c39e822379abb92b5c4f0df8769535b,rocky/python3-trepan,trepan/lib/breakpoint.py,False,,0.0,,
superfluous-parens,5d636626f0409de24fb9c491c3cc93d7663d15b9,NetworkManager/NetworkManager-ci,run/centos-ci/node_runner.py,False,,0.0,,
superfluous-parens,21ec529987d10e0010badd37f8da3274167d436f,gitpython-developers/GitPython,git/cmd.py,False,,0.0,,
superfluous-parens,eef9cf152f1db8fcc8cfa23e8f51a7735c70637b,frappe/erpnext,erpnext/stock/doctype/item/item.py,False,,0.0,,
superfluous-parens,8cc5e04b8a54060de8a707f9a6dd25f1ddd10db5,ECP-CANDLE/Benchmarks,Pilot1/Uno/uno_contamination_keras2.py,False,,0.0,,
superfluous-parens,b0a1d7f129858d972c119e16f8cc052d6bf5d8cd,vilemnovak/blendercam,scripts/addons/cam/strategy.py,False,,0.0,,
superfluous-parens,db986692f1f73614290ba9116f0d28d6b1c01062,google/timesketch,timesketch/lib/charts/barchart.py,False,,0.0,,
superfluous-parens,6d0757722d09694153a18d3320fd6e199bdfb710,privacyidea/privacyidea,privacyidea/lib/importotp.py,False,,0.0,,
superfluous-parens,679770715f6e643fb5b3da19fc724218b63e86dd,buildbot/buildbot,master/buildbot/data/base.py,True,,0.0,,
superfluous-parens,98b85fed7ac3175accebe864d8da9f0122f21e37,wikimedia/pywikibot-core,pywikibot/tools/djvu.py,True,,0.0,,
superfluous-parens,800ba87cc881856adae19ec40485578356398639,matrix-org/synapse,synapse/push/bulk_push_rule_evaluator.py,True,,0.0,,
superfluous-parens,9e472d57e043a782ba33ee838373c96a736c9a1a,SimpleITK/SimpleITK,Examples/HelloWorld/HelloWorld.py,False,,0.0,,
superfluous-parens,48eb6a685f43ac18e8bb6184cd689455e6040331,radiasoft/sirepo,sirepo/template/raydata.py,False,,0.0,,
superfluous-parens,8cc5e04b8a54060de8a707f9a6dd25f1ddd10db5,ECP-CANDLE/Benchmarks,common/benchmark_def.py,False,,0.0,,
superfluous-parens,0d9390866f9ce42870d3116094cd49e0019a970a,gitpython-developers/GitPython,git/cmd.py,,,,,
superfluous-parens,8cc5e04b8a54060de8a707f9a6dd25f1ddd10db5,ECP-CANDLE/Benchmarks,common/parsing_utils.py,False,,0.0,,
superfluous-parens,f1e663928768fe6fbe4dd8420b213a062c4a8bea,scikit-rf/scikit-rf,skrf/vectorFitting.py,False,False,0.0,,
superfluous-parens,3d6b733554f2089105509041fad5f150139758c3,scalyr/scalyr-agent-2,scalyr_agent/third_party/urllib3/contrib/securetransport.py,False,,4.0,,
superfluous-parens,4f230e6ba2773c10ff4c7a758a57f426cae95afb,rdkit/rdkit,rdkit/Chem/Fraggle/FraggleSim.py,False,,0.0,,
superfluous-parens,93100551d23423d3889b8884b80e7f42ecb01f4a,corradio/electricitymap,parsers/lib/quality.py,False,,0.0,,
superfluous-parens,01984717d0c90e45bf0f54c0d2c32e4f656efdff,Patrick-Cole/pygmi,pygmi/raster/modest_image.py,False,False,0.0,,
superfluous-parens,3da67e3f2f54d2516712178dbb6a2e19733ddea5,CenterForOpenScience/osf.io,admin/preprints/views.py,,,,,
superfluous-parens,52189cba861e0d88cf9847f53bd5c125f683f824,frappe/erpnext,erpnext/accounts/report/budget_variance_report/budget_variance_report.py,False,,0.0,,
too-many-boolean-expressions,c8550d5c9e8220ff3dc568d521f78e8fc4a3fae1,rocky/python-uncompyle6,uncompyle6/semantics/pysource.py,False,,0.0,,
too-many-boolean-expressions,8c625dfb938f6f570456c64a05ff46921d733b1f,janeczku/calibre-web,cps/web.py,,,,,
too-many-boolean-expressions,ff89d9c20d384a40dc37df7779bfc24d21d7c11f,janeczku/calibre-web,cps/web.py,,,,,
too-many-boolean-expressions,c806ef59c6fffb505ca044b570bbb25aa84fd48a,rocky/python-uncompyle6,uncompyle6/scanners/scanner30.py,,,,,
too-many-boolean-expressions,5f561ebde5e7f656b60251d3e1d15b0f5d56fd24,rockcesar/odoo_addons,website_pinetwork_odoo/models/admin_apps.py,,,,,
too-many-boolean-expressions,06a4af44cc0acf8b2ccffa5d6e06142581b640eb,janeczku/calibre-web,cps/web.py,,,,,
too-many-boolean-expressions,e2ff9096031ea50fb0fc3a6f3a56c179fbd4ac3b,rocky/python-uncompyle6,uncompyle6/semantics/pysource.py,False,,0.0,,
too-many-boolean-expressions,15918cf8360e850106b84f51c2dc1d44983ec300,BruceDLong/CodeDog,xlator_CPP.py,False,,2.0,,
too-many-boolean-expressions,de1ecf0e0d0064982ebf4f13e1b1afddd27c80ff,mwaskom/seaborn,seaborn/categorical.py,False,,0.0,,
too-many-boolean-expressions,e4d801bbafc6ca0be6e6d3d169148d9fd7cd7a27,janeczku/calibre-web,cps/web.py,,,,,
too-many-boolean-expressions,c7a106d1591315c688b837fd43704c16f9d3cb39,kizniche/Mycodo,mycodo/mycodo_flask/routes_general.py,False,,0.0,,
too-many-boolean-expressions,29462e2278450253cacd3ac2735d1cd650c3f21b,janeczku/calibre-web,cps/web.py,False,False,1.0,,
too-many-boolean-expressions,fabd4370fbcd273cc5ca5ee5aaababd5242cb715,edgedb/edgedb,edb/pgsql/compiler/clauses.py,False,,0.0,,
too-many-boolean-expressions,7c0fb11525f1990dcd1275a2f314986d1b91b44c,rockcesar/odoo_addons,website_pinetwork_odoo/models/admin_apps.py,True,,0.0,,
too-many-boolean-expressions,143a91f20ca7ac34603674feb79dfeab604c88eb,Giswater/giswater_qgis_plugin,core/threads/epa_file_manager.py,False,,0.0,,
too-many-boolean-expressions,a0369b9a60a664e90f71d44cfb25754d9a529648,diofant/diofant,diofant/core/expr.py,,,,,
too-many-boolean-expressions,1142e72906284e257d0d39789c5e1b1e732471a4,rockcesar/odoo_addons,website_pinetwork_odoo/models/admin_apps.py,,,,,
too-many-boolean-expressions,cf7196ae5e4ab61c3c6bb6e7a116cba786f783ed,janeczku/calibre-web,cps/web.py,,,,,
too-many-boolean-expressions,cb2428706e715ca5b2bf111d563fa43feb006aa9,rockcesar/odoo_addons,website_pinetwork_odoo/models/admin_apps.py,,,,,
too-many-boolean-expressions,6997b117c9a09fdefa03c92117138c6a8c44751a,hasgeek/funnel,funnel/views/helpers.py,False,,0.0,,
too-many-boolean-expressions,50b1951fe1496483879ba890b123001fdae9e938,wikimedia/pywikibot-core,pywikibot/logentries.py,False,,0.0,,
too-many-boolean-expressions,130bee518182ee2c2a00a62f3dee44a5c82050d7,alisaifee/flask-limiter,flask_limiter/extension.py,False,,1.0,,
too-many-boolean-expressions,06f26cd0ab2c7ccda020f7ce8beb3dbfad781e52,OstapHEP/ostap,ostap/fitting/utils.py,False,,0.0,,
too-many-boolean-expressions,a6602ff1183097381b93f1a53e0e912020ff2ae6,rockcesar/odoo_addons,website_pinetwork_odoo/models/admin_apps.py,,,,,
too-many-boolean-expressions,d7ef546352c78f5080938a41432b8de4c0c81ff0,ray-project/ray,python/ray/actor.py,False,,1.0,,
too-many-boolean-expressions,e7464f26948bc6695b99de5420fc035e5ba6b12b,janeczku/calibre-web,cps/web.py,False,,0.0,,
too-many-boolean-expressions,f09ef600b24e6efef9f8d7b201c017625b12c8a2,GoogleCloudPlatform/cloud-data-quality,clouddq/main.py,False,,0.0,,
too-many-boolean-expressions,8bd1903d988fdecac8008cbfd403edc3df458f0e,janeczku/calibre-web,cps/web.py,,,,,
too-many-boolean-expressions,dad251d02c48b3f4cc2cddca473e208691019e6c,janeczku/calibre-web,cps/web.py,False,,1.0,,
too-many-boolean-expressions,448b971b856b25c9e97842149e3726fe5c6ae81f,learningequality/kolibri,kolibri/core/content/utils/import_export_content.py,False,False,0.0,,
too-many-boolean-expressions,73a043830c64340587fdac8984f12be17b9d0890,rocky/python-uncompyle6,uncompyle6/semantics/pysource.py,,,,,
too-many-boolean-expressions,79286c93842134ff6b0a31fa7d734a534b842b86,janeczku/calibre-web,cps/web.py,,,,,
too-many-boolean-expressions,94d3bcbbbd3c97d16e968e5db3ebda69ed23b586,craws/OpenAtlas,openatlas/views/hierarchy.py,False,,0.0,,
too-many-boolean-expressions,53cc84ec18288395e59376635586de4fd65b1dbb,janeczku/calibre-web,cps/web.py,,,,,
too-many-boolean-expressions,06f26cd0ab2c7ccda020f7ce8beb3dbfad781e52,OstapHEP/ostap,ostap/fitting/fit3d.py,False,,11.0,,
too-many-boolean-expressions,7f340739552ace03008c7a7878f421c6981b1fe1,janeczku/calibre-web,cps/web.py,,,,,
too-many-boolean-expressions,0c9eacb024a82cc62139b0efe406f9c72e4a0a06,janeczku/calibre-web,cps/web.py,,,,,
too-many-boolean-expressions,7da15998b550d5d427000661ed56944e71b97010,alisaifee/flask-limiter,flask_limiter/extension.py,,,,,
too-many-boolean-expressions,26438f97ab54700136dadda558b014318e073426,janeczku/calibre-web,cps/web.py,,,,,
too-many-boolean-expressions,4f6eeefc320a8dc6a069daedee52627e3adb9137,PanDAWMS/panda-jedi,pandajedi/jedithrottle/AtlasProdJobThrottler.py,False,,0.0,,
too-many-boolean-expressions,6d4184756e6c612f809b5dbd311ce758aa29aae3,sqall01/alertR,server/lib/localObjects.py,False,,0.0,,
too-many-boolean-expressions,4d9e9ea732d66012bab3287c7f8ebd5fafc1ac4c,rockcesar/odoo_addons,website_pinetwork_odoo/models/admin_apps.py,False,False,0.0,,
too-many-boolean-expressions,ebcf143c076a09a5fed85312b1354d91afa9cc68,rockcesar/odoo_addons,website_pinetwork_odoo/models/admin_apps.py,False,,0.0,,
too-many-branches,e317d52cc2b53217462ad0525d3d6c15dfde0d92,wikimedia/pywikibot-core,scripts/add_text.py,,False,0.0,,
too-many-branches,352662a370b50ab4b0e7f159a395045f1fa01d68,Neutree/COMTool,COMTool/plugins/base.py,,False,0.0,,
too-many-branches,4ddc426a6b4b8cd319fa885e363c94b35ef777d9,googleapis/python-aiplatform,google/cloud/aiplatform_v1beta1/services/endpoint_service/client.py,,False,0.0,,
too-many-branches,662a3ce7befdc5f3bb17186ca5f9a9d8aa4f522a,deepmind/dm_control,dm_control/autowrap/autowrap.py,,False,0.0,,
too-many-branches,dc2d39b66f9b46d49d056a8e9afffb49af606595,GoogleCloudPlatform/gcpdiag,gcpdiag/lint/command.py,,True,2.0,,
too-many-branches,8616006177f1388bded772d55c894e51196de9f8,DiCarloLab-Delft/PycQED_py3,pycqed/instrument_drivers/meta_instrument/LutMans/ro_lutman.py,,,,,
too-many-branches,2365d8b9b5e8f1054c575818bf4a1684d2f9d121,facelessuser/ColorHelper,lib/coloraide/spaces/srgb/css.py,,False,0.0,,
too-many-branches,f87f46e4eefa02d4e404a2636c1b366ff0f9e1cd,gem/oq-engine,openquake/hazardlib/lt.py,,False,0.0,,
too-many-branches,930212befd67a390976fd9dfc5211aacb4446534,catapult-project/catapult,dashboard/dashboard/pinpoint/models/quest/read_value.py,,False,0.0,,
too-many-branches,6c8a08d955b0769cce1084019cd9d6d1129a1fac,frappe/frappe,frappe/model/document.py,,False,0.0,,
too-many-branches,00fbe414333793e2107441086f639070654e2111,lablup/backend.ai-manager,src/ai/backend/manager/config.py,,False,0.0,,
too-many-branches,c9dd9cc7f9ffe6de600a39fbf028db805ed4a0c2,spulec/moto,moto/server.py,,False,0.0,,
too-many-branches,d0ea9310fd387e1714be57ad992c487f87e320ba,isard-vdi/isard,api/src/api/views/DesktopsNonPersistentView.py,,False,0.0,,
too-many-branches,b4a4a9cebc65d008d5a3484e9e6b5e5df2e33552,tensorflow/tensorflow,tensorflow/python/tpu/tpu_embedding_v2.py,,False,0.0,,
too-many-branches,d281fddb84fd5f18d4f7754aa44791a9806577bc,JamesPHoughton/pysd,pysd/py_backend/statefuls.py,,False,0.0,,
too-many-branches,3203497f67a0440ab5a534c89de5207499b6f0de,Neutree/COMTool,COMTool/Main.py,,False,0.0,,
too-many-branches,da0c4dc4213bade7f5f7c277ce718319f4a0901b,Maselkov/GW2Bot,guildwars2/commerce.py,,True,1.0,,
too-many-branches,fab2f42d1dd3383253fde5cc55ca35b747de7bb8,googleapis/python-datastore,google/cloud/datastore_v1/services/datastore/client.py,,False,0.0,,
too-many-branches,ff81bc3c0e5cad8aec461d5bd9a40679362fe20d,openzim/zimfarm,dispatcher/backend/src/utils/offliners.py,,False,0.0,,
too-many-branches,15bb1f1af9c56ecfcdf00d9048b32283e78620f0,sergey-dryabzhinsky/dedupsqlfs,lib-dynload/_recordclass/lib/recordclass/recordclass.py,,True,1.0,,
too-many-branches,136e80004e5978a6bc0dc6ea1eeec9204629cea5,NeuralEnsemble/python-neo,neo/io/alphaomegaio.py,,False,0.0,,
too-many-branches,51f4ae23c75dfac83d8d22a6a197a94f126a92d2,fabioz/PyDev.Debugger,_pydevd_bundle/pydevd_net_command.py,,False,0.0,,
too-many-branches,cc7922efc204cb3b2950139969004be6ccf0bdae,awslabs/sockeye,sockeye/model.py,,True,5.0,,
too-many-branches,205bf7ab0a862acff1ba964483c651b86e8406e5,coreboot/chrome-ec,zephyr/zmake/zmake/zmake.py,,False,0.0,,
too-many-branches,e20d18eb697c3158e9a6194c77b6ce11c8c72982,acorg/dark-matter,dark/consensus.py,,True,1.0,,
too-many-branches,a586325c8fee3ef0623e4660795451e08908255e,mozilla-services/tecken,tecken/api/views.py,,True,5.0,,
too-many-branches,8377b7f7b69ed0716fbe2c2818979a273bcb7567,virt-manager/virt-manager,virtManager/device/addstorage.py,,False,0.0,,
too-many-branches,6a360589ecc84840ffb2c9687a9202ea75e4191d,dit/dit,dit/algorithms/convex_maximization.py,,False,0.0,,
too-many-branches,6d305796b094024c2ea07c8c963899999420f610,couchbase/couchbase-python-client,couchbase/management/queries.py,,True,21.0,,
too-many-branches,fbe94d3a08a9829bf845c6a16499a03366439f9c,lnls-fac/pyaccel,pyaccel/lattice.py,,,,,
too-many-branches,528cdc15463b87360f6351cc613674c7bd2c07e2,espressif/esp-idf,components/espcoredump/espcoredump.py,,True,1.0,,
too-many-branches,1fe198f79681f968c4d771fe322181b1a17bda0b,ligo-cbc/pycbc,pycbc/results/pygrb_plotting_utils.py,,False,0.0,,
too-many-branches,70657d08ff2a60badf2b99ec0475ce7cef54a278,mariolukas/FabScanPi-Server,src/fabscan/scanner/laserscanner/FSCalibrationActor.py,,True,2.0,,
too-many-branches,e21762b703e3f6f45a40e42395b3387eee72141d,googleapis/python-aiplatform,google/cloud/aiplatform_v1/services/prediction_service/client.py,,False,0.0,,
too-many-branches,0eb3ef684ef65fa7743d55ecd31b159a0ac2bd3f,metabrainz/listenbrainz-server,listenbrainz/listenstore/timescale_utils.py,,True,2.0,,
too-many-branches,951c23d29459023b44ef1154811c20537552a2cc,adbar/htmldate,htmldate/utils.py,,True,1.0,,
too-many-branches,728eedd0e9497dcc23f0171d9ecbc5ef2d9e97fa,isard-vdi/isard,api/src/api/libv2/api_users.py,,False,0.0,,
too-many-branches,92d1b4cd2b8cda4bb7f9c39acbf868ee66afaec0,Rapptz/discord.py,discord/interactions.py,,False,0.0,,
too-many-branches,e83b4d3a42ebfae198ac07f32e1f8f5cb90adb7a,pytransitions/transitions,transitions/extensions/nesting.py,,True,5.0,,
too-many-branches,19fef76a5faa8cc5e6df5e82a40016f8b4ad91f6,spulec/moto,moto/server.py,,True,1.0,,
too-many-branches,1dd4ebfcba81042182d21b339497b97c490266b2,acorg/dark-matter,dark/consensus.py,,True,2.0,,
too-many-branches,9adfb69e1e0af80a767874f9248416739e72c742,websocket-client/websocket-client,websocket/_http.py,,False,0.0,,
too-many-branches,d0ea9310fd387e1714be57ad992c487f87e320ba,isard-vdi/isard,api/src/api/views/DesktopsPersistentView.py,,False,0.0,,
too-many-branches,5dc8882764d50b8f7d3650d848cb746a54297942,pcolmant/repanier,repanier/views/order_init_ajax.py,,False,0.0,,
too-many-branches,b36490a4fabad4e10448c486104daa741ec0ee57,rackerlabs/django-DefectDojo,dojo/tools/zap/parser.py,,False,0.0,,
too-many-branches,e11af341069e5a822d855f9ff808ef288e624b99,bundlewrap/bundlewrap,bundlewrap/metadata.py,,True,1.0,,
too-many-branches,3c008a5adc4d6c766516a18b368105386acc937c,benvanwerkhoven/kernel_tuner,kernel_tuner/strategies/hillclimbers.py,,False,0.0,,
too-many-branches,39dc01d9a832b7661aa06dd3600b052756d3fcf4,google/qkeras,qkeras/qtools/interface.py,,False,0.0,,
too-many-branches,34a8ec432a12621585fdc68581c6df61623c2b93,gem/oq-engine,openquake/hazardlib/lt.py,,False,0.0,,
too-many-branches,72e8c1dbac47f93e714ff36f6b50f16f5e0e8571,tomerfiliba/plumbum,plumbum/machines/session.py,,False,0.0,,
too-many-branches,acbd4681e22cf94b17561862ecb2f2effc7c5d0f,lutris/lutris,lutris/game.py,,,,,
too-many-branches,0310683759e62e378ec184a31e419b803e23ab93,numba/numba,numba/cuda/compiler.py,,True,6.0,,
too-many-branches,eb707db04caab1f80a39a676eb02518f23703b6f,OCA/l10n-romania,l10n_ro_stock_account/models/stock_move.py,,False,0.0,,
too-many-branches,1da015f30fd9e3738cfb670acc5120eff0d5afb6,thomann/plotVR,plotAR-py/plotar/export/usd.py,,,,,
too-many-branches,72bd21eca599b915283ebd2e3a6c3e86c96b2331,google/qkeras,qkeras/qtools/qenergy/qenergy.py,,False,0.0,,
too-many-branches,4325ea793f5c1fcd35709b8576574ef7b63c7589,respawner/peering-manager,utils/views.py,,True,4.0,,
too-many-branches,a8db8c6eba8625f8fc224b320be6074d849ceada,matrix-org/synapse,synapse/rest/client/sync.py,,False,0.0,,
too-many-branches,dcd1a1e0b67cefc5e41d363dad5f57ef9668e965,pallets/flask,src/flask/helpers.py,,True,2.0,,
too-many-branches,127d5ecd3f6620309cbae5c7f34669c265c19ab3,pcolmant/repanier,repanier/views/order_init_ajax.py,,True,1.0,,
too-many-branches,7a4348ba2f6e6b7fb8bc69214f36d9ee8d387f8d,radiasoft/sirepo,sirepo/template/flash.py,,True,8.0,,
too-many-branches,b2b9cbc459c1ae9cafff4f3561f8481343a67c8d,arviz-devs/arviz,arviz/plots/kdeplot.py,,False,0.0,,
too-many-branches,79d78a291ef912795f3841f35d6d8c45bb74587c,lutris/lutris,lutris/game.py,,False,0.0,,
too-many-branches,89c9e747e052957de792eef2127b6574db1aa2be,fabioz/Pydev,plugins/org.python.pydev.core/pysrc/_pydevd_bundle/pydevd_net_command.py,,False,0.0,,
too-many-branches,adf86aff27c02aa5576d6a0f34f17dffffc49a72,radiasoft/sirepo,sirepo/template/flash.py,,False,0.0,,
too-many-branches,725f626a0df0d04543100e39a14ab460c771ae13,regardscitoyens/twitter-parlementaires,associate_twitter.py,,,,,
too-many-branches,6d6acd16f339fa634cc46923a88f4dfdacb6c859,lnls-fac/pyaccel,pyaccel/lattice.py,,,,,
too-many-branches,99284bf65de50db3f628b3835c219cda90b2bd47,sqall01/alertR,sensorClientFIFO/lib/sensor/fifo.py,,False,0.0,,
too-many-branches,cb5b7a85259ab35f1ecde720089b273ed96cdc09,NeuralEnsemble/python-neo,neo/rawio/spikeglxrawio.py,,True,1.0,,
too-many-branches,b397ec3858a570e49d3ec424932ab8271c708af8,frappe/frappe,frappe/model/document.py,,False,0.0,,
too-many-branches,5add772c7b9f32a19587fa26ff748ffd58921812,jclgoodwin/bustimes.org.uk,vehicles/management/commands/import_polar.py,,False,0.0,,
too-many-branches,41b0a3704fc9e916294547ea0350a6d37104048a,jeremiah-c-leary/vhdl-style-guide,vsg/rules/constant/rule_014.py,,True,2.0,,
too-many-branches,7987ffadb63deb6abd6ea80d849508169ca105f9,metabrainz/acousticbrainz-server,db/dump.py,,False,0.0,,
too-many-branches,59b275c1dc63c5422495cf4d1564b674a32f4d77,pandas-dev/pandas,pandas/core/indexes/period.py,,False,0.0,,
too-many-branches,9f779d5ffa69b027d1e14fb53d3c067860125008,JohnCremona/bianchi-progs,FD/alphas.py,,False,0.0,,
too-many-branches,d32b45c7c125d2dafee066f76fc394bddfe48710,lutris/lutris,lutris/game.py,,False,0.0,,
too-many-branches,f75d10d8ce99214e8fa1903e9b6d02eb82546b22,wingtk/gvsbuild,gvsbuild/utils/simple_ui.py,,True,1.0,,
too-many-branches,85ba75defe0e73dd86c00b54745fccf4b5831cc1,mpi4py/mpi4py,conf/cythonize.py,,False,0.0,,
too-many-branches,f6eee9a810190d14770eb1f31072e4e09c76a10a,explosion/thinc,thinc/layers/chain.py,,False,0.0,,
too-many-branches,e21762b703e3f6f45a40e42395b3387eee72141d,googleapis/python-aiplatform,google/cloud/aiplatform_v1beta1/services/index_endpoint_service/client.py,,False,0.0,,
too-many-branches,bab4b0b30526eecaf947c1ff4c5a8b957c03044b,Giswater/giswater_qgis_plugin,core/threads/project_layers_config.py,,False,0.0,,
too-many-branches,2737cb56940079bb98e2e5a9a14b56c9f9627b36,astropy/photutils,photutils/segmentation/detect.py,,False,0.0,,
too-many-branches,d2b1c5c0e6384dbf151a5f80dbf58e9ce14f59cc,gajim/gajim,gajim/common/modules/adhoc_commands.py,,False,0.0,,
too-many-branches,ac8df90b18c1cc6c555be22039a1cffe4541c518,HaroldMills/Vesper,vesper/command/detect_command.py,,False,0.0,,
too-many-branches,a30cf0fa03d5a7e03142cb26a3d96663e16e1546,CenterForOpenScience/osf.io,api/base/middleware.py,,False,0.0,,
too-many-branches,ad8cf544236a420808111efeec6122d8a41467e5,streamlink/streamlink,src/streamlink/plugins/rtve.py,,True,12.0,,
too-many-branches,69ebf473eb3b7af7921cef31316f2bfe4bb9f28a,Giswater/giswater_qgis_plugin,core/threads/project_layers_config.py,,,,,
too-many-branches,73bf1e22d61d14a4fbd6336d569b9149fbf48e94,couchbase/couchbase-python-client,couchbase/exceptions.py,,True,6.0,,
too-many-branches,130b943c0a29a5ee8f329c266076be9874cb45d8,geodynamics/burnman,burnman/classes/composition.py,,True,3.0,,
too-many-branches,5690d4225687c01ddb3afbc823d95111d4449201,seleniumbase/SeleniumBase,seleniumbase/core/report_helper.py,,False,0.0,,
too-many-branches,86244c1a82a1852d04f3695b03201363f5d5eafd,tweepy/tweepy,tweepy/client.py,,True,7.0,,
too-many-branches,2996d4078a28f865c9bf339c62b55c914b336815,sosreport/sos,sos/report/plugins/networking.py,,False,0.0,,
too-many-branches,ad4a77cd8a18ae35c2ab7cd2a9d58d5611a63468,eljost/pysisyphus,deprecated/optimizers/ONIOMOpt.py,,True,1.0,,
too-many-branches,992e383f4c02163dd1b40df266d0ac08407821d3,OCA/bank-statement-import,account_statement_import_online_ponto/models/online_bank_statement_provider_ponto.py,,False,0.0,,
too-many-branches,6fe3eb97a5215767ad861f262b987fe628b8edf3,FRBs/FRB,frb/builds/build_frbs.py,,False,0.0,,
too-many-branches,dc6b51a52d8216d99a4f1650a96434c7816ec385,zephyrproject-rtos/zephyr,scripts/logging/dictionary/log_parser.py,,True,1.0,,
too-many-branches,6247cec4cc5ec2e6385897ca3b2cbb853b481441,envoyproxy/envoy,tools/proto_format/proto_sync.py,,False,0.0,,
too-many-branches,0904607b405185a37acb34e77f6d2fe597927e8e,python-poetry/poetry-core,src/poetry/core/_vendor/lark/parser_frontends.py,,True,29.0,,
too-many-branches,cc7922efc204cb3b2950139969004be6ccf0bdae,awslabs/sockeye,sockeye/utils.py,,False,0.0,,
too-many-branches,2e1cc9a946e1d4db68560c7f5488c00750f418b2,google/skia,infra/bots/recipe_modules/checkout/api.py,,False,0.0,,
too-many-branches,3d7c61cc891c400bb5ed7502b92eb3a603819516,mdiller/MangoByte,cogs/admin.py,,False,0.0,,
too-many-branches,53b5f4458cfa4f3b23b3256a6ee16e99addbeeba,biorack/metatlas,metatlas/io/file_converter.py,,True,5.0,,
too-many-branches,561670c802ca9f377a312c8c57edbf783b98d1bb,genialis/resolwe-bio,resolwe_bio/processes/reads_processing/markduplicates.py,,False,0.0,,
too-many-branches,a8b9f401b41ec19c6887caa11dabc1fff243f39f,metabrainz/listenbrainz-server,listenbrainz/db/dump.py,,False,0.0,,
too-many-branches,11142c548ee91c37c8819a2f5e81b65f78eac873,ligo-cbc/pycbc,pycbc/workflow/tmpltbank.py,,False,0.0,,
too-many-branches,d7151f04c640815648bc7fa6713c65f234ecc3b7,lutris/lutris,lutris/services/gog.py,,False,0.0,,
too-many-branches,1b04faf679088a0bab6bd15d9d0d1b965c6a3b06,zentralopensource/zentral,zentral/contrib/inventory/tasks.py,,True,5.0,,
too-many-branches,a81509a78df8a1d457e1eaf7764249a89f8f727b,googleapis/storage-testbench,gcs/object.py,,True,2.0,,
too-many-branches,51cc256ddda61f9ce145b44df331e18a77e4172d,PMEAL/OpenPNM,openpnm/algorithms/_invasion_percolation.py,,False,0.0,,
too-many-branches,d539efecd6c615d4a49ec9341316a6697107b46f,gridsync/gridsync,gridsync/monitor.py,,False,0.0,,
too-many-branches,1717a414c837fd08adb68158e27d451c67d465c6,kivy/kivy,kivy/uix/bubble.py,,True,10.0,,
too-many-branches,2f068c31f44813a48086cb44a9aea6dae5273371,tensorflow/tensorflow,tensorflow/python/data/ops/multi_device_iterator_ops.py,,False,0.0,,
too-many-branches,60e7c7b541e61e756dbaf7c9051e3dd0c9dd116e,tensorflow/similarity,tensorflow_similarity/evaluators/memory_evaluator.py,,True,4.0,,
too-many-branches,5ee0572f54262482d02e323fc100c5667ced483e,xcat2/confluent,confluent_server/confluent/certutil.py,,True,4.0,,
too-many-branches,2c629bda26452483bb02457741506f779344750a,pantsbuild/pants,src/python/pants/help/help_printer.py,,True,5.0,,
too-many-branches,6eeb8d5d793650edf0296fa6cdf59ed41a783c6f,PMEAL/OpenPNM,openpnm/io/_dict.py,,False,0.0,,
too-many-branches,f5d76adb10f371001a8204dd399b73c89d6faa3d,kobotoolbox/kobocat,onadata/apps/logger/views.py,,False,0.0,,
too-many-branches,f721b43e529d3743335783a23a9ea0dddded2894,geodynamics/burnman,burnman/tools/chemistry.py,,False,0.0,,
too-many-branches,9b0ef5d07fb218df4e36e133d69b1ea4c6be43bd,pandas-dev/pandas,pandas/core/indexes/datetimes.py,,True,1.0,,
too-many-branches,4106bd35d2c8bd8cf66dff5427d2c7349dc8f45c,CanalTP/navitia,source/jormungandr/jormungandr/scenarios/helper_classes/fallback_durations.py,,True,8.0,,
too-many-branches,dd62366908a9e2cbf95f2e38ac87f38b35a22210,bryanforbes/Erasmus,erasmus/cogs/confession.py,,,,,
too-many-branches,73f16b09b7032a855cd7c71f115ae25f756dc212,isard-vdi/isard,api/src/api/libv2/api_desktops_persistent.py,,True,1.0,,
too-many-branches,c806ef59c6fffb505ca044b570bbb25aa84fd48a,rocky/python-uncompyle6,uncompyle6/scanners/scanner30.py,,,,,
too-many-branches,bf2c389d2c5fe5889eb705f841a090cf9ba21c20,pauliacomi/pyGAPS,src/pygaps/characterisation/area_bet.py,,True,1.0,,
too-many-branches,5de95b026ac7474d8edbce20666531388babc912,spulec/moto,moto/server.py,,True,1.0,,
too-many-branches,634f6ec4eb9997d7bd0f8209fad49a4171d42384,ElementsProject/elements,contrib/devtools/security-check.py,,False,0.0,,
too-many-branches,804836d2c96c191047844e7bf2a5998a3442cd03,metabrainz/listenbrainz-server,listenbrainz/db/dump.py,,False,0.0,,
too-many-branches,526b689f25ff2ddd12a8c588d2cb1c4dda8a253b,yeatmanlab/pyAFQ,AFQ/tasks/viz.py,,False,0.0,,
too-many-branches,140afa7baa5c0feed803ad22e0fa3919f166c07d,Neutree/COMTool,COMTool/Main.py,,True,12.0,,
too-many-branches,efff1db1f7d43bdc5d872dc2752298f863ac84d2,psychopy/psychopy,psychopy/tools/monitorunittools.py,,False,0.0,,
too-many-branches,662a3ce7befdc5f3bb17186ca5f9a9d8aa4f522a,deepmind/dm_control,dm_control/autowrap/binding_generator.py,,False,0.0,,
too-many-branches,f66b23b96d4b2a52179c95771f02f3e04c6e2565,frappe/frappe,frappe/model/document.py,,False,0.0,,
too-many-branches,69ec80f641366fc1c80fed9bcfff0d283905e6ef,SasView/sasmodels,sasmodels/data.py,,True,1.0,,
too-many-branches,289f9bdb7a161e4494a0c904648ff908ec82900e,gridsync/gridsync,gridsync/monitor.py,,False,0.0,,
too-many-branches,ed7621a41281c61103c79cbc181e5aa89c3cf147,engineervix/Bible-Playlist-Generator,tenlists/cli/__main__.py,,True,1.0,,
too-many-branches,9d70932f0a036297ae0371e58a6ab4edd06a3541,SasView/sasmodels,sasmodels/data.py,,True,1.0,,
too-many-branches,021c6f6ebb2defe64e9c4b4800c5f5d1e11c507c,pimutils/khal,khal/settings/utils.py,,False,0.0,,
too-many-branches,6f445ca6e5c9c8b85ccc5062e00508c69ca26fde,ansible/ansible,lib/ansible/utils/display.py,,False,0.0,,
too-many-branches,f6414dbb3eb1b598a58ae7c0e0a29422ee403165,DiCarloLab-Delft/PycQED_py3,pycqed/instrument_drivers/meta_instrument/LutMans/ro_lutman.py,,False,0.0,,
too-many-branches,acda9f07c858902ab072d49f6ad3e26df874d06e,matrix-org/synapse,synapse/rest/client/push_rule.py,,False,0.0,,
too-many-branches,e999681ef89091d15a27b9dc74ae24b799db282a,catapult-project/catapult,dashboard/dashboard/pinpoint/models/quest/read_value.py,,True,3.0,,
too-many-branches,8d225b5c1b1da66025e1beaafd512966aed8dc45,guardicore/monkey,monkey/infection_monkey/main.py,,False,0.0,,
too-many-branches,37408c40b501a493df7553768bd143f458c310e2,all-of-us/raw-data-repository,rdr_service/services/consent/validation.py,,False,0.0,,
too-many-branches,e21762b703e3f6f45a40e42395b3387eee72141d,googleapis/python-aiplatform,google/cloud/aiplatform_v1beta1/services/job_service/client.py,,False,0.0,,
too-many-branches,44b255553c556c46bbae31a4019201843a82de7d,tensorflow/tensorflow,tensorflow/python/eager/backprop.py,,True,1.0,,
too-many-branches,2411992cd3f74bc0a1bf73afed0eaf48b5d8b4a3,DiCarloLab-Delft/PycQED_py3,pycqed/instrument_drivers/meta_instrument/LutMans/ro_lutman.py,,False,0.0,,
too-many-branches,a0709483e0af5dfe36d592b1c4f78a423428c228,jeremiah-c-leary/vhdl-style-guide,vsg/rules/block_comment/rule_002.py,,True,3.0,,
too-many-branches,f12c218b51953037b037ff439a091022a64ffdba,ewerybody/a2,ui/a2modsource.py,,True,2.0,,
too-many-branches,f9800fa192569564d7dd1de576ac12027cac9b91,jclgoodwin/bustimes.org.uk,vehicles/management/commands/import_polar.py,,False,0.0,,
too-many-branches,6a20018f3542007266227ce40d1a16cd4c984d7e,bryanforbes/Erasmus,erasmus/cogs/confession.py,,,,,
too-many-branches,314bae2a9e26edb42e57aca6ffb4e9e6e1641351,ansible/ansible,lib/ansible/utils/display.py,,False,0.0,,
too-many-branches,a20bb67a878b2e68abf8268c1b0a27f018d01352,qutebrowser/qutebrowser,qutebrowser/mainwindow/tabwidget.py,,True,3.0,,
too-many-branches,da0c4dc4213bade7f5f7c277ce718319f4a0901b,Maselkov/GW2Bot,guildwars2/wallet.py,,True,1.0,,
too-many-branches,89c9e747e052957de792eef2127b6574db1aa2be,fabioz/Pydev,plugins/org.python.pydev.core/pysrc/_pydevd_bundle/pydevd_safe_repr.py,,False,0.0,,
too-many-branches,e21762b703e3f6f45a40e42395b3387eee72141d,googleapis/python-aiplatform,google/cloud/aiplatform_v1beta1/services/featurestore_online_serving_service/client.py,,False,0.0,,
too-many-branches,74e55a6dedd0089d5790c9691ba93327c4ddeae0,minio/howto,sphinxext/minio.py,,True,1.0,,
too-many-branches,5e3c51e593651f0add822a64c7224ef5e476c4da,mozman/ezdxf,src/ezdxf/math/_construct.py,,False,0.0,,
too-many-branches,d40946cb9f668b89a310433f053bdb406b839d4b,numba/numba,numba/cuda/compiler.py,,False,0.0,,
too-many-branches,2ea2926067be24ae4fca20726a8c8ac8531a4d5e,ligo-cbc/pycbc,pycbc/mchirp_area.py,,True,2.0,,
too-many-branches,138e0557110ffce4175b7f18a683a939e118790a,scikit-learn/scikit-learn,sklearn/semi_supervised/_self_training.py,,False,0.0,,
too-many-branches,14d45667deadd116e7f3f29ecd09bf6d4d3d4599,psy0rz/zfs_autobackup,zfs_autobackup/ZfsAuto.py,,False,0.0,,
too-many-branches,c3219ebad1cac35afc04cc051c9e215c70cd1e9b,frappe/erpnext,erpnext/accounts/report/sales_register/sales_register.py,,False,0.0,,
too-many-branches,3d425cfe0a87d4fbf85dc624ca5ea0c46b51923d,Fizzadar/pyinfra,pyinfra/api/state.py,,False,0.0,,
too-many-branches,b8701860288cf9ddf9f6512d9f85f9e427173a4f,lutris/lutris,lutris/game.py,,False,0.0,,
too-many-branches,660d313110b9a58149079673687ebbcf9639b083,rackerlabs/django-DefectDojo,dojo/tools/scout_suite/parser.py,,True,2.0,,
too-many-branches,b86256ce9d2582a147f13ef10fd800dda89f0d4e,EducationalTestingService/rsmtool,rsmtool/writer.py,,False,0.0,,
too-many-branches,0970fb96203f0cbe82361f0c064ca33352659b65,NeuralEnsemble/python-neo,neo/rawio/spikeglxrawio.py,,False,0.0,,
too-many-branches,4ddc426a6b4b8cd319fa885e363c94b35ef777d9,googleapis/python-aiplatform,google/cloud/aiplatform_v1beta1/services/model_service/client.py,,False,0.0,,
too-many-branches,b2b9cbc459c1ae9cafff4f3561f8481343a67c8d,arviz-devs/arviz,arviz/plots/traceplot.py,,False,0.0,,
too-many-branches,4ddc426a6b4b8cd319fa885e363c94b35ef777d9,googleapis/python-aiplatform,google/cloud/aiplatform_v1beta1/services/specialist_pool_service/client.py,,False,0.0,,
too-many-branches,e1a81a5e9a13a3bab43e7a2cf9725a9613974847,gridsync/gridsync,gridsync/monitor.py,,True,2.0,,
too-many-branches,6f6e044dfc49b155b2642767428d7532d4a1f0e9,makcedward/nlpaug,nlpaug/flow/pipeline.py,,False,0.0,,
too-many-branches,2a4d9961b29f3e73a1e0b1c130083acf5bb01a4e,sfepy/sfepy,sfepy/linalg/utils.py,,False,0.0,,
too-many-branches,6856fa81d98b6905ce5988f266017296e9e9e3ab,kivy/kivy,kivy/uix/bubble.py,,,,,
too-many-branches,777201b2e04fd5af1315791e0ee3636b3cabdde1,timcera/tsgettoolbox,src/tsgettoolbox/appdirs.py,,False,0.0,,
too-many-branches,e8d8ff76a14ceadabfca6666fd2f00f0740fa05b,all-of-us/raw-data-repository,rdr_service/resource/generators/consent_metrics.py,,True,6.0,,
too-many-branches,571354901e306900031e9d15572863b3d40f5faf,pauliacomi/pyGAPS,src/pygaps/characterisation/area_bet.py,,False,0.0,,
too-many-branches,5075b0825ba34972f87ca7b1f576a7eff37a4117,isard-vdi/isard,api/src/api/views/VpnViews.py,,False,0.0,,
too-many-branches,a0709483e0af5dfe36d592b1c4f78a423428c228,jeremiah-c-leary/vhdl-style-guide,vsg/rules/block_comment/rule_003.py,,True,3.0,,
too-many-branches,ee41800c16b78282ed75a89f3b879ed8d2fc7481,ray-project/ray,rllib/execution/rollout_ops.py,,False,0.0,,
too-many-branches,e21762b703e3f6f45a40e42395b3387eee72141d,googleapis/python-aiplatform,google/cloud/aiplatform_v1/services/migration_service/client.py,,False,0.0,,
too-many-branches,d3f768fef9b96c91a7a04e2454ca6d94c1236635,frappe/frappe,frappe/model/document.py,,False,0.0,,
too-many-branches,4ddc426a6b4b8cd319fa885e363c94b35ef777d9,googleapis/python-aiplatform,google/cloud/aiplatform_v1beta1/services/dataset_service/client.py,,False,0.0,,
too-many-branches,67d8d0f176137bda8efe84ae36d6495b5debe7c7,DiCarloLab-Delft/PycQED_py3,pycqed/instrument_drivers/meta_instrument/LutMans/ro_lutman.py,,False,0.0,,
too-many-branches,143369c812eed703f9576a362b45bc8f104c7aa8,coreboot/chrome-ec,zephyr/zmake/zmake/zmake.py,,True,2.0,,
too-many-branches,4ddc426a6b4b8cd319fa885e363c94b35ef777d9,googleapis/python-aiplatform,google/cloud/aiplatform_v1beta1/services/prediction_service/client.py,,False,0.0,,
too-many-branches,ec70921e52b21c0ab463d1f243a2fc9c64c4e573,wagtail/wagtail,wagtail/snippets/views/snippets.py,,True,19.0,,
too-many-branches,8b35d0545287d8778f9fcc6f4a27e9f3ccab84d7,gajim/gajim,gajim/gtk/search_view.py,,False,0.0,,
too-many-branches,3e71bc7896935a8177e9bbe9399769c3522528dc,pantsbuild/pex,pex/jobs.py,,False,0.0,,
too-many-branches,15bb1f1af9c56ecfcdf00d9048b32283e78620f0,sergey-dryabzhinsky/dedupsqlfs,lib-dynload/_recordclass/lib/recordclass/dataclass.py,,False,0.0,,
too-many-branches,affdb8ee599e7d50de8792097cdda71f129219c1,lnls-fac/pyaccel,pyaccel/lattice.py,,,,,
too-many-branches,4f86b5b5234a941d9572441a9637c3b959c629a1,ray-project/ray,python/ray/autoscaler/_private/monitor.py,,False,0.0,,
too-many-branches,ff97c2fd5c45149579686f293123b98d3cbd13aa,aiven/aiven-client,aiven/client/argx.py,,True,1.0,,
too-many-branches,dfef91d5570760677223516e0fe6564afa147539,demisto/content,Packs/Cybersixgill-ActionableAlerts/Integrations/CybersixgillActionableAlerts/CybersixgillActionableAlerts.py,,True,2.0,,
too-many-branches,14032dd94dc2c0f23054228ee0f98511b8e67a7b,climu/openstudyroom,fullcalendar/views.py,,False,0.0,,
too-many-branches,0b2db818d2eb0a520b8ccb6d9b265f40f00f21c0,mupif/mupif,mupif/pyroutil.py,,False,0.0,,
too-many-branches,7ea4ce546c217bbf14b38eae3c676966d89b41cb,mlflow/mlflow,mlflow/utils/search_utils.py,,True,8.0,,
too-many-branches,522aff0243a625a1a460333a528903abdccd6825,explosion/thinc,thinc/layers/chain.py,,False,0.0,,
too-many-branches,c77636a76d68ffa1bc7dbd41edc522e523b909b8,acq4/acq4,acq4/modules/DataManager/FileInfoView.py,,True,24.0,,
too-many-branches,f6f071da693d9092e48f3df3e30bc8624392a5cf,HTTPArchive/beta.httparchive.org,main.py,,False,0.0,,
too-many-branches,78b720c5e2c409d6a8c2aa2f34dcb77b5f3ba225,candlepin/subscription-manager,src/subscription_manager/cli_command/status.py,,True,4.0,,
too-many-branches,e2a2177c3439b4243dc1c7944a48e4e90d259bc5,rackerlabs/django-DefectDojo,dojo/tools/sarif/parser.py,,True,4.0,,
too-many-branches,b1f93635e5f74306795e856e580bf0a0e750194f,bl4de/security-tools,pef/pef.py,,False,0.0,,
too-many-branches,91ea3d50e15ae1670fd31ab7faea4dffed312d2f,project-chip/connectedhomeip,scripts/tools/memory/gh_report.py,,True,14.0,,
too-many-branches,89f712275574dd19807f3fc50b8502b0ebcf9664,NaturalHistoryMuseum/ckanext-nhm,ckanext/nhm/routes/record.py,,True,2.0,,
too-many-branches,99fc98289551c67746926d2ed61864ad9b96af42,Keeper-Security/Commander,keepercommander/yubikey/yubikey.py,,False,0.0,,
too-many-branches,a1fa3e90d768201af8b5589005b5caf81273dabc,pymedusa/Medusa,medusa/server/web/config/general.py,,False,0.0,,
too-many-branches,ab566beed24815c1dc3bc34f8a8eadb76062c88f,jeremiah-c-leary/vhdl-style-guide,vsg/vhdlFile/code_tags.py,,True,9.0,,
too-many-branches,e2db1c7a4032d316e5b655b858b023ace8435cd8,openstack/tacker,tacker/vnfm/infra_drivers/kubernetes/k8s/translate_outputs.py,,True,1.0,,
too-many-branches,d83bbda2816b1781eb61342b4539578149eeb686,ray-project/ray,rllib/policy/tf_policy.py,,False,0.0,,
too-many-branches,9c042e321deba1521eb6a74a0e06a4248db2c34f,dwavesystems/dimod,dimod/sampleset.py,,True,5.0,,
too-many-branches,319cbbe19153d935f1e706b9bb2e9a294defe9e5,huggingface/transformers,src/transformers/models/deberta_v2/modeling_tf_deberta_v2.py,,False,0.0,,
too-many-branches,e21762b703e3f6f45a40e42395b3387eee72141d,googleapis/python-aiplatform,google/cloud/aiplatform_v1beta1/services/dataset_service/client.py,,False,0.0,,
too-many-branches,960f12f2da2ef2c1d8b0d4fc1bd64336a282ff8d,pantsbuild/pants,src/python/pants/backend/python/target_types_rules.py,,False,0.0,,
too-many-branches,41dc49a33752b72dbb3cff5cb181b9953e07971f,rwightman/pytorch-image-models,timm/models/vision_transformer.py,,True,7.0,,
too-many-branches,e21762b703e3f6f45a40e42395b3387eee72141d,googleapis/python-aiplatform,google/cloud/aiplatform_v1beta1/services/tensorboard_service/client.py,,False,0.0,,
too-many-branches,8116f18c87fb09d11c1127869d79cbc2fa1c89f0,kizniche/Mycodo,mycodo/utils/pid_controller_default.py,,False,0.0,,
too-many-branches,e21762b703e3f6f45a40e42395b3387eee72141d,googleapis/python-aiplatform,google/cloud/aiplatform_v1beta1/services/specialist_pool_service/client.py,,False,0.0,,
too-many-branches,b8c8a5cf06df0151013c68491767f370521c4902,metabrainz/acousticbrainz-server,db/dump.py,,False,0.0,,
too-many-branches,6e52f54a01b7f41e376642a38f4e63c159eed912,quantumlib/Cirq,cirq-google/cirq_google/devices/known_devices.py,,False,0.0,,
too-many-branches,d03d0cc602b5c6b3be4df8d71594ac5623e1383c,climu/openstudyroom,fullcalendar/views.py,,True,2.0,,
too-many-branches,51f4ae23c75dfac83d8d22a6a197a94f126a92d2,fabioz/PyDev.Debugger,_pydevd_bundle/pydevd_safe_repr.py,,False,0.0,,
too-many-branches,4f304cfc6aa450090f2b9b477e1da73b79640d0a,frappe/frappe,frappe/model/document.py,,False,0.0,,
too-many-branches,e9cbc77e6ac92bef9ce77bb9034d78dda681c31d,JamesPHoughton/pysd,pysd/py_backend/statefuls.py,,False,0.0,,
too-many-branches,e21762b703e3f6f45a40e42395b3387eee72141d,googleapis/python-aiplatform,google/cloud/aiplatform_v1beta1/services/model_service/client.py,,False,0.0,,
too-many-branches,8881bbffb92d4f428aef12bd025815df9d4a9e5e,scikit-learn/scikit-learn,sklearn/cross_decomposition/_pls.py,,False,0.0,,
too-many-branches,e21762b703e3f6f45a40e42395b3387eee72141d,googleapis/python-aiplatform,google/cloud/aiplatform_v1beta1/services/vizier_service/client.py,,False,0.0,,
too-many-branches,62143cbeb12a822e08833941c4e0f1d450d35240,mne-tools/mne-python,mne/parallel.py,,True,1.0,,
too-many-branches,e7ba381b77d24cdfbd1a1a8df9acd02db8e81e54,giampaolo/psutil,scripts/internal/git_pre_commit.py,,True,5.0,,
too-many-branches,e21762b703e3f6f45a40e42395b3387eee72141d,googleapis/python-aiplatform,google/cloud/aiplatform_v1/services/endpoint_service/client.py,,False,0.0,,
too-many-branches,d3c763285343a307f204e5e5fe5ffabbf070f73c,PyCQA/pylint,pylint/utils/file_state.py,,True,1.0,,
too-many-branches,8036f7d6eac1e5a16e86fb14ff11c2fc39fefe84,PMEAL/OpenPNM,openpnm/core/_models.py,,True,1.0,,
too-many-branches,c2014549a7c0b9c0a9d90039ce40fbfc98b1e7e0,jeremiah-c-leary/vhdl-style-guide,vsg/vhdlFile/classify/name.py,,False,0.0,,
too-many-branches,ab4a62ab2b5713ee204db9d8e18ea0dd1d93da8a,lutris/lutris,lutris/game.py,,False,0.0,,
too-many-branches,f41d7785ea96c68e2b400ee791f8d93bd8b571cf,DiCarloLab-Delft/PycQED_py3,pycqed/instrument_drivers/meta_instrument/HAL/HAL_ShimSQ.py,,False,38.0,,
too-many-branches,f0d00aa4e8a1abc96970e80a6c21f0b0f2b4ac80,psy0rz/zfs_autobackup,zfs_autobackup/ZfsAuto.py,,False,0.0,,
too-many-branches,ef38f8442e6ffad0677bc67b270481eced09ca0b,wikimedia/pywikibot-core,scripts/add_text.py,,,,,
too-many-branches,b65eeb267bdb129ff49687016e6eb7b9c01d0d51,isard-vdi/isard,api/src/api/libv2/isardViewer.py,,True,2.0,,
too-many-branches,caf3f4347aec41a493de065e25d3ac472472d7d8,ToFuProject/tofu,tofu/imas2tofu/_comp_mesh.py,,False,0.0,,
too-many-branches,4fcab02e8109896841f160678d7db552ad9dab4f,google/turbinia,turbinia/workers/partitions.py,,True,1.0,,
too-many-branches,4703755e269c76c90555c94276f14370b2b92e5c,mozilla/kitsune,kitsune/questions/forms.py,,False,0.0,,
too-many-branches,2ed6be192e05f4b8703ca22d66342df325217fc9,qtile/qtile,libqtile/widget/mpris2widget.py,,True,12.0,,
too-many-branches,6482376e847e0336595d9e78a56f393d4eee27b7,indico/indico,indico/modules/auth/controllers.py,,True,1.0,,
too-many-branches,edb3a3f461b0f533472ccad3656890a139eca859,inspirehep/inspire-next,inspirehep/modules/workflows/tasks/submission.py,,False,0.0,,
too-many-branches,6477527efbf9943140478595d2ef6211d56ed8ae,django-crispy-forms/django-crispy-forms,crispy_forms/helper.py,,False,0.0,,
too-many-branches,00fbe414333793e2107441086f639070654e2111,lablup/backend.ai-manager,src/ai/backend/manager/container_registry/base.py,,False,0.0,,
too-many-branches,ee8c90701d8c8e909f11eabe7fa4d79929c3c33f,mdiller/MangoByte,cogs/admin.py,,False,0.0,,
too-many-branches,c459f74a1a0d81cc6c28b76f8b9839bb1c4f4202,kivy/kivy,kivy/uix/bubble.py,,,,,
too-many-branches,f102bba485daab2de02d7e82f0bc24ed5b00eb1b,lablup/backend.ai-manager,src/ai/backend/manager/server.py,,,,,
too-many-branches,8a86289875a71f6a4978f6bceea6ef7bf1c00f3f,lnls-fac/pyaccel,pyaccel/lattice.py,,True,1.0,,
too-many-branches,e045e93c4e28c7414dcd42fbb6d8311da02ba385,rackerlabs/django-DefectDojo,dojo/management/commands/migrate_authorization_v2.py,,False,0.0,,
too-many-branches,5148d30bdd312c289b1dc6524dcd73ead995eece,indico/indico,indico/modules/auth/controllers.py,,True,13.0,,
too-many-branches,a4f5cfc91a8904c8fb9c2c60fc06a1cd1b6f5227,spesmilo/electrum,electrum/trampoline.py,,True,3.0,,
too-many-branches,be21f7d695902e7373a4d7fa28e810eb9f2648d9,spaam/svtplay-dl,lib/svtplay_dl/service/tv4play.py,,False,0.0,,
too-many-branches,750cb15418f276eb831d4d4517515ee94191802c,timcera/tsgettoolbox,src/tsgettoolbox/ulmo/cpc/drought/core.py,,False,0.0,,
too-many-branches,c43727711067e474857005cb7669fcec6552cac2,pandas-dev/pandas,pandas/core/indexes/period.py,,False,0.0,,
too-many-branches,5d9e033297532ae1a81a3e762ce7250aed5ab269,pyro-ppl/numpyro,numpyro/util.py,,True,1.0,,
too-many-branches,0c38922448c0b58808e56997de6fe44668abd1a5,psychopy/psychopy,psychopy/tools/monitorunittools.py,,False,0.0,,
too-many-branches,3c419eb150ea7bd70a91431c82ccd1e6d5c28b56,metabrainz/acousticbrainz-server,db/dump.py,,False,0.0,,
too-many-branches,9a00692ca757a6380b99fd544d25b8d95ab16241,pandas-dev/pandas,pandas/core/indexes/period.py,,True,3.0,,
too-many-branches,9268047c9763a58a4985b51a01b516c8823591db,mapillary/OpenSfM,opensfm/exif.py,,False,0.0,,
too-many-branches,6a20018f3542007266227ce40d1a16cd4c984d7e,bryanforbes/Erasmus,erasmus/erasmus.py,,,,,
too-many-branches,f257b6bc888ae25afafaab00541fa548d4d5e397,akrherz/pyIEM,src/pyiem/windrose_utils.py,,True,1.0,,
too-many-branches,5c9ba6da30019fc209f8b42259bdbe0f4fd32b3f,HumanCompatibleAI/imitation,src/imitation/algorithms/bc.py,,True,17.0,,
too-many-branches,4324e71f86f669d89fd973004c4c02c3a825e348,moodpulse/l2,researches/views.py,,False,0.0,,
too-many-branches,e21762b703e3f6f45a40e42395b3387eee72141d,googleapis/python-aiplatform,google/cloud/aiplatform_v1beta1/services/endpoint_service/client.py,,False,0.0,,
too-many-branches,af35bb96d63d3d6563083943b2c0cf4cf8e1644e,syncle/syncle.github.io,script/gen_publication_html.py,,False,0.0,,
too-many-branches,b75e67177f19bbee3004a22968b237e3c8017190,ewerybody/a2,ui/a2modsource.py,,True,4.0,,
too-many-branches,3c75d36c6585b175f29f207c20cced1222b4d1b7,scikit-learn/scikit-learn,sklearn/linear_model/_glm/glm.py,,False,0.0,,
too-many-branches,f9475c5168592259642adf600f288afae7190dcf,HumanCompatibleAI/imitation,src/imitation/scripts/train_preference_comparisons.py,,False,0.0,,
too-many-branches,1d57cdaf45e806fc47233d72add126f89023e08a,sosreport/sos,sos/report/plugins/networking.py,,False,0.0,,
too-many-branches,f6fa9813c3d18e7d1986cf8a2f0aaa1249ce5d21,EducationalTestingService/rsmtool,rsmtool/writer.py,,True,1.0,,
too-many-branches,bb1024c881173c35e3e89cd550d370d94cd4d5ad,gemrb/gemrb,gemrb/GUIScripts/GUISAVE.py,,False,0.0,,
too-many-branches,fe21a1dd70871c038322ecb689a43bcdda42975d,python-attrs/cattrs,src/cattr/converters.py,,False,0.0,,
too-many-branches,325fa2d614523b631a71070cb2d6c0b94548d349,ray-project/ray,python/ray/serve/config.py,,True,2.0,,
too-many-branches,e21762b703e3f6f45a40e42395b3387eee72141d,googleapis/python-aiplatform,google/cloud/aiplatform_v1/services/specialist_pool_service/client.py,,False,0.0,,
too-many-branches,e86d4299e2d0b688e1f9cb2d3b0dfe9c13eb1f07,gkunter/coquery,coquery/gui/contextviewer.py,,True,1.0,,
too-many-branches,958423c72b5ff292173ea06866ba0fd9993684d9,tensorflow/tensorflow,tensorflow/python/eager/backprop.py,,False,0.0,,
too-many-branches,9e1c987b89fb3e36341d0e7a85d0bedf8c6c9fd7,gridsync/gridsync,gridsync/monitor.py,,False,0.0,,
too-many-branches,1357960c8609db04589998b548c8ebd69ad15af0,wagtail/wagtail,wagtail/admin/action_menu.py,,False,0.0,,
too-many-branches,e21762b703e3f6f45a40e42395b3387eee72141d,googleapis/python-aiplatform,google/cloud/aiplatform_v1beta1/services/pipeline_service/client.py,,False,0.0,,
too-many-branches,941eab5e4d0883406afd43b075c45518bd2bf57c,minio/howto,sphinxext/minio.py,,False,0.0,,
too-many-branches,325ecd94b17ae05b453a21564afa11b9580e4510,DiCarloLab-Delft/PycQED_py3,pycqed/instrument_drivers/meta_instrument/LutMans/ro_lutman.py,,False,0.0,,
too-many-branches,47e298499ef19563bb2ef5941a57046a35ae6868,fabioz/PyDev.Debugger,pydev_coverage.py,,False,0.0,,
too-many-branches,e21762b703e3f6f45a40e42395b3387eee72141d,googleapis/python-aiplatform,google/cloud/aiplatform_v1beta1/services/index_service/client.py,,False,0.0,,
too-many-branches,8f5c23d6aa15f2c8bbad1a04929f44f12534b869,xupingmao/xnote,xutils/cacheutil.py,,False,0.0,,
too-many-branches,750cb15418f276eb831d4d4517515ee94191802c,timcera/tsgettoolbox,src/tsgettoolbox/ulmo/lcra/hydromet/core.py,,False,0.0,,
too-many-branches,1d7dbd3456ed85f8f0c7052d08ad71761cd92890,frappe/erpnext,erpnext/accounts/report/sales_register/sales_register.py,,False,0.0,,
too-many-branches,c42a3fd2fbefce7797766f81f14b89ef0e4c5dcc,mesonbuild/meson,mesonbuild/modules/cmake.py,,False,0.0,,
too-many-branches,0666040304552a3757059f306a2ebe1f76206daf,psychopy/psychopy,psychopy/core.py,,False,0.0,,
too-many-branches,e2150ede1cfbdb44ad64268623a3d55ed87a1702,mne-tools/mne-python,mne/beamformer/_lcmv.py,,True,1.0,,
too-many-branches,c9d2394c02f6c1870eb1737cc643dc786a93ef75,dart-lang/sdk,tools/linux_dist_support/create_debian_packages.py,,False,0.0,,
too-many-branches,53791c3c6e0564cb7bbb79a524cedf69db7dc9a0,mrachinskiy/jewelcraft,op_design_report/report_get.py,,False,0.0,,
too-many-branches,cf26d0659afaadb29e60efe8ea31c612edfe18a0,VROOM-Project/vroom-scripts,src/plot.py,,False,0.0,,
too-many-branches,e6b030312aeebb980f57bab38f385b898ccefcbd,wellenvogel/avnav,server/handler/layouthandler.py,,True,17.0,,
too-many-branches,3e5db1b4db4a56e6bd7f8289a833d36e1c1ecda2,openego/eDisGo,edisgo/io/ding0_import.py,,False,0.0,,
too-many-branches,b628572aa0a8d35825acbd1502cdf0b8e1023bbc,opencobra/cobrapy,src/cobra/manipulation/delete.py,,True,1.0,,
too-many-branches,bc60f5327b1d061f7589cfb7b8da3f62a4c2337c,Nitrate/Nitrate,src/tcms/core/utils.py,,False,0.0,,
too-many-branches,c2282e94a59258554a49ca0bc770f1c25092acc3,openego/eDisGo,edisgo/io/ding0_import.py,,False,0.0,,
too-many-branches,290f8263c40b52c8a79ee152e16c87e7f5983a9c,gridsync/gridsync,gridsync/monitor.py,,False,0.0,,
too-many-branches,787095948c63633702b64cb9fa34a601258f22ca,lowRISC/opentitan,hw/ip/otbn/dv/otbnsim/sim/state.py,,True,2.0,,
too-many-branches,771e7482d719994e72a0381d449ecc54cf342342,tobi-wan-kenobi/bumblebee-status,bumblebee_status/modules/contrib/playerctl.py,,True,2.0,,
too-many-branches,877f712c137332ef0c41fa62fa5fad105f56733a,psychopy/psychopy,psychopy/core.py,,False,0.0,,
too-many-branches,8a98702eb6d45d25a73c7a7336bc15dfddd935d9,kizniche/Mycodo,mycodo/utils/influx.py,,False,0.0,,
too-many-branches,66d0bccae24ac60769775753246e1e2c82a995c5,anselmobd/fo2,src/geral/views/views.py,,False,0.0,,
too-many-branches,19801b2bd3c4d46c4ac05e14d48e6c462588ff0e,rapydo/do,controller/utilities/services.py,,False,0.0,,
too-many-branches,4e4313df6ae7011f6adef3f10f50d594879e040e,benvanwerkhoven/kernel_tuner,kernel_tuner/strategies/hillclimbers.py,,True,2.0,,
too-many-branches,97daa7ece0dd5c0085510cf33a110ef26ae579f6,psychopy/psychopy,psychopy/monitors/getLumSeries.py,,False,0.0,,
too-many-branches,4ddc426a6b4b8cd319fa885e363c94b35ef777d9,googleapis/python-aiplatform,google/cloud/aiplatform_v1beta1/services/job_service/client.py,,False,0.0,,
too-many-branches,875c157018d1d8c73557b0ca921b5743b4d31ded,gridsync/gridsync,gridsync/monitor.py,,False,0.0,,
too-many-branches,2ffd3baf772c91b6c8bc699cbef66b4c01c1487a,psy0rz/zfs_autobackup,zfs_autobackup/CmdPipe.py,,True,2.0,,
too-many-branches,b678ecac30c629e215190f6001b3519feb9f1046,pandas-dev/pandas,pandas/core/indexes/period.py,,False,0.0,,
too-many-branches,4a15c6f8f3ebb634f7cef967a097f621462e4e50,ray-project/ray,python/ray/tune/schedulers/resource_changing_scheduler.py,,True,20.0,,
too-many-branches,dbcce25d3840a06ea83d5f76ca90d55c2a0ac629,openstack/ironic,ironic/drivers/modules/irmc/inspect.py,,False,0.0,,
too-many-branches,54c0648bd1d7552d27c577d65f70c25023001071,giampaolo/psutil,scripts/internal/git_pre_commit.py,,False,0.0,,
too-many-branches,d7c24f8bea29fd161b600a2a78751cda06af163a,Ultimaker/Cura,plugins/RemovableDriveOutputDevice/RemovableDriveOutputDevice.py,,False,1.0,,
too-many-branches,de6603824e1ac7d9cdf925acb0f9fff073991332,mlflow/mlflow,mlflow/utils/search_utils.py,,True,5.0,,
too-many-branches,9a00692ca757a6380b99fd544d25b8d95ab16241,pandas-dev/pandas,pandas/core/indexes/datetimes.py,,False,0.0,,
too-many-branches,d24a223b8ee7ec85efec00494242ad725d1626de,tensorflow/federated,tensorflow_federated/python/simulation/iterative_process_compositions.py,,True,1.0,,
too-many-branches,6ebdf50d71aca0fa3e7713ee7a7a0a91bb8cc688,spaam/svtplay-dl,lib/svtplay_dl/service/tv4play.py,,False,0.0,,
too-many-branches,a2766230f319155548b53d6d0672b79b150c6702,bazelbuild/bazel,tools/build_defs/pkg/build_tar.py,,False,0.0,,
too-many-branches,e2a9bf94c110ad822d6f7fe239df3283a0b476fe,timcera/tsgettoolbox,src/tsgettoolbox/functions/nwis.py,,False,0.0,,
too-many-branches,e21762b703e3f6f45a40e42395b3387eee72141d,googleapis/python-aiplatform,google/cloud/aiplatform_v1/services/job_service/client.py,,False,0.0,,
too-many-branches,f4062cd6710c04d8ef9f577a278d1f29b7cadc36,pcolmant/repanier,repanier/views/order_init_ajax.py,,False,0.0,,
too-many-branches,7453cdb5dd72ce4d9d25bff58b7745605822cb03,lutris/lutris,lutris/services/gog.py,,True,5.0,,
too-many-branches,22efaa578953685beb3dd553cc4ec8ecfafb0e3e,demisto/content,Packs/BitSight/Integrations/BitSightForSecurityPerformanceManagement/BitSightForSecurityPerformanceManagement.py,,True,8.0,,
too-many-branches,dc5353f1aeedbd4c182ed3ce3e3e90acd555e154,spulec/moto,moto/server.py,,False,0.0,,
too-many-branches,5e021322ffe92f541a626288b47ccc4ecfa30988,pantsbuild/pants,src/python/pants/base/specs_parser.py,,False,0.0,,
too-many-branches,52bca194c61d6c60402c4af19b64d1d65ecf4ca8,bazelbuild/bazel,tools/build_defs/pkg/archive.py,,False,0.0,,
too-many-branches,e21762b703e3f6f45a40e42395b3387eee72141d,googleapis/python-aiplatform,google/cloud/aiplatform_v1/services/pipeline_service/client.py,,False,0.0,,
too-many-branches,cadfcb090c288b8925076e6140c5b22aad85e45f,OCHA-DAP/hdx-python-api,src/hdx/data/resource.py,,False,0.0,,
too-many-branches,1afc867ba75d6028059ff680c35470c4d6854d91,radiasoft/pykern,pykern/pkunit.py,,True,12.0,,
too-many-branches,b2b9cbc459c1ae9cafff4f3561f8481343a67c8d,arviz-devs/arviz,arviz/stats/density_utils.py,,False,0.0,,
too-many-branches,2bad443e7476b8878a5cb80118dc0b41150e11cc,gboeing/osmnx,osmnx/elevation.py,,False,0.0,,
too-many-branches,b54655a55feb3d98dbad7e23965d953d8326186d,coreboot/chrome-ec,zephyr/zmake/zmake/zmake.py,,True,1.0,,
too-many-branches,422c00b3cc24f3983bea283396bff0195374dcc3,arviz-devs/arviz,arviz/plots/kdeplot.py,,False,0.0,,
too-many-branches,1ec4ccbdfbd2c40662a419c93b83a924e3df85f3,websocket-client/websocket-client,websocket/_http.py,,False,0.0,,
too-many-branches,e21762b703e3f6f45a40e42395b3387eee72141d,googleapis/python-aiplatform,google/cloud/aiplatform_v1beta1/services/metadata_service/client.py,,False,0.0,,
too-many-branches,e21762b703e3f6f45a40e42395b3387eee72141d,googleapis/python-aiplatform,google/cloud/aiplatform_v1beta1/services/prediction_service/client.py,,False,0.0,,
too-many-branches,7e59dea2b7a0388553205a316ce3c4e0a13ad6bf,OCA/l10n-romania,l10n_ro_stock_account/models/stock_move.py,,False,0.0,,
too-many-branches,e21762b703e3f6f45a40e42395b3387eee72141d,googleapis/python-aiplatform,google/cloud/aiplatform_v1/services/model_service/client.py,,False,0.0,,
too-many-branches,4c9fb4f32af76a792c500fc76f8bfe4cbafcc9ec,arviz-devs/arviz,arviz/plots/traceplot.py,,False,0.0,,
too-many-branches,422c00b3cc24f3983bea283396bff0195374dcc3,arviz-devs/arviz,arviz/plots/traceplot.py,,False,0.0,,
too-many-branches,a1fa3e90d768201af8b5589005b5caf81273dabc,pymedusa/Medusa,medusa/issue_submitter.py,,False,0.0,,
too-many-branches,f5052a3bea8bf14e868b29fc314fe4beedc1da56,oppia/oppia,core/controllers/topics_and_skills_dashboard.py,,True,2.0,,
too-many-branches,92acd05d9bd33419ab885e4472b28a1d5cc15d2e,pallets/flask,src/flask/helpers.py,,False,0.0,,
too-many-branches,7225df8b9db9eb5b210c8b41597ad1d64eed5c3b,jeremiah-c-leary/vhdl-style-guide,vsg/vhdlFile/classify/subtype_indication.py,,False,0.0,,
too-many-branches,f7fac03ae1a4b1b1471f6054ba058382a1b9e1a1,openstack/neutron,neutron/agent/linux/interface.py,,True,2.0,,
too-many-branches,e98237cf9e59e64668629df0d0da600848d74df6,gridsync/gridsync,gridsync/monitor.py,,False,0.0,,
too-many-branches,49f202de68ffd9a944e221de1ed8b1316ed2dae1,lutris/lutris,lutris/game.py,,,,,
too-many-branches,e21762b703e3f6f45a40e42395b3387eee72141d,googleapis/python-aiplatform,google/cloud/aiplatform_v1beta1/services/migration_service/client.py,,False,0.0,,
too-many-branches,dd62366908a9e2cbf95f2e38ac87f38b35a22210,bryanforbes/Erasmus,erasmus/erasmus.py,,,,,
too-many-branches,fa84384897ed504c981af6dcc0d73ec180cb1002,hyperspy/hyperspy,hyperspy/_components/power_law.py,,False,0.0,,
too-many-branches,1094319e3e8567e1c4db15e180d79778846a1a03,frappe/erpnext,erpnext/accounts/report/sales_register/sales_register.py,,True,1.0,,
too-many-branches,5f1b46a580a9a1de531c5bee72e0e95cf78b31d1,catkin/catkin_tools,catkin_tools/verbs/catkin_create/cli.py,,False,0.0,,
too-many-branches,a048b5cace0be25baed01c454d494a405bbab2c3,demisto/content,Packs/CommonScripts/Scripts/ReadPDFFileV2/ReadPDFFileV2.py,,True,7.0,,
too-many-branches,c4f9d87bae2f09bfea18141742bae8deaa4748eb,pantsbuild/pants,src/python/pants/core/goals/fmt.py,,False,0.0,,
too-many-branches,a51e7f9ce7b54387df1f78579d2645df72ac9b8c,rackerlabs/django-DefectDojo,dojo/tools/wpscan/parser.py,,True,1.0,,
too-many-branches,4ddc426a6b4b8cd319fa885e363c94b35ef777d9,googleapis/python-aiplatform,google/cloud/aiplatform_v1beta1/services/pipeline_service/client.py,,False,0.0,,
too-many-branches,5f919ee341e7a79260f1dbba16b2425266b13cc7,Geoportail-Luxembourg/geoportailv3,geoportal/geoportailv3_geoportal/views/routing.py,,True,1.0,,
too-many-branches,e21762b703e3f6f45a40e42395b3387eee72141d,googleapis/python-aiplatform,google/cloud/aiplatform_v1beta1/services/featurestore_service/client.py,,False,0.0,,
too-many-branches,f30aa02c1b5687bb302cd6783534e426a6fd5ae6,DiCarloLab-Delft/PycQED_py3,pycqed/instrument_drivers/meta_instrument/LutMans/ro_lutman.py,,False,0.0,,
too-many-branches,13ab3b6851d0547d4babde81b2637f1d9440c397,mdiller/MangoByte,cogs/admin.py,,False,0.0,,
too-many-branches,edf0093b02a3c9b314087eef2caeb754aede85fc,kivy/kivy,kivy/uix/bubble.py,,False,1.0,,
too-many-branches,bbffcb95cf8a9ecc190ed8f467c7e283bc7d50b8,pandas-dev/pandas,pandas/core/indexes/datetimes.py,,False,0.0,,
too-many-branches,00a8fd654eb4eab47972c3ad7ca2b5bc6752d3e4,digitalocean/netbox,netbox/utilities/tables.py,,False,0.0,,
too-many-branches,e21762b703e3f6f45a40e42395b3387eee72141d,googleapis/python-aiplatform,google/cloud/aiplatform_v1/services/dataset_service/client.py,,False,0.0,,
too-many-branches,86af32cce78906d1e5a3abb65d35da4f7a75d487,fabioz/Pydev,plugins/org.python.pydev.core/pysrc/pydev_coverage.py,,False,0.0,,
too-many-branches,2431dff25f853fa952ce0d0efe8c2d7330c244d6,metabrainz/acousticbrainz-server,db/dump.py,,False,0.0,,
too-many-branches,e2a9bf94c110ad822d6f7fe239df3283a0b476fe,timcera/tsgettoolbox,src/tsgettoolbox/functions/modis.py,,False,0.0,,
too-many-branches,5f97262ae6f36000e141b01b33c55f8eb1ee94a1,tensorflow/tensorflow,tensorflow/python/eager/backprop.py,,False,0.0,,
too-many-branches,b3c93b91b09664f9da3210894f16f06365c3ef49,ray-project/ray,python/ray/serve/config.py,,False,0.0,,
too-many-return-statements,0364e4afca7596559faa1f50c881d7efe0d159fb,zynthian/zynthian-ui,zyngui/zynthian_gui_mixer.py,,True,59.0,,
too-many-return-statements,73b210a6d4f08680af97e67795d4bfef984a4059,google/capirca,capirca/lib/nftables.py,,True,18.0,,
too-many-return-statements,7aee7b6fb9cef73663fbb327e92d436f88f708af,adbar/htmldate,htmldate/extractors.py,,False,0.0,,
too-many-return-statements,dd6cb2caf7e1eff6a8af07a2e0363da371aa1b13,spesmilo/electrum,electrum/gui/qt/main_window.py,,True,3.0,,
too-many-return-statements,5075b0825ba34972f87ca7b1f576a7eff37a4117,isard-vdi/isard,api/src/api/views/VpnViews.py,,False,0.0,,
too-many-return-statements,beef4f997bccc90c545abdf8d387bab600b4af8f,ntop/nDPI,python/ndpi_example.py,,True,6.0,,
too-many-return-statements,95dba7ff4abc0cba1197dacc30623d76e791ae36,specify/specify7,specifyweb/stored_queries/format.py,,False,0.0,,
too-many-return-statements,5719d424de732d218ade4670fd0d987b8aad2736,sshuttle/sshuttle,sshuttle/cmdline.py,,False,0.0,,
too-many-return-statements,fa21b5a72f0922034c766c91c469ea6654d53b00,czcorpus/kontext,public/app.py,,,,,
too-many-return-statements,321bd9ac10c310adf0af85760407437f67aa1d45,cupy/cupy,cupy/array_api/_array_object.py,,False,0.0,,
too-many-return-statements,4079245adbeb98296ce5a660305e7cb52fee8fe9,bobintetley/asm3,src/asm3/publishers/savourlife.py,,False,0.0,,
too-many-return-statements,c12e6b387f28356e91aa9338389dfb7325dfdc24,radiasoft/sirepo,sirepo/template/radia.py,,True,8.0,,
too-many-return-statements,c7fd71254ad39c5c10f13a653ffa7d3de1120f2e,Azure/WALinuxAgent,azurelinuxagent/ga/update.py,,False,0.0,,
too-many-return-statements,06f26cd0ab2c7ccda020f7ce8beb3dbfad781e52,OstapHEP/ostap,ostap/fitting/fit2d.py,,True,10.0,,
too-many-return-statements,402beea5ac23ab9d7263f71cbfa5da93ad7b9033,wikimedia/pywikibot-core,pywikibot/userinterfaces/transliteration.py,,False,0.0,,
too-many-return-statements,37a014b277a79341c363800d86405ab599240d7d,Azure/WALinuxAgent,azurelinuxagent/ga/update.py,,False,0.0,,
too-many-return-statements,1226c5db251da4dc3d2d92ca5128ade6ab33c0fb,WeblateOrg/weblate,weblate/trans/views/edit.py,,False,0.0,,
too-many-return-statements,839e62121b4ec6e1dec9c3a0fec824c358e5765d,metabrainz/listenbrainz-server,listenbrainz/db/dump.py,,True,1.0,,
too-many-return-statements,6c95675492aa8d25619f5e4ce1674582c051a7fe,tensorflow/tensorflow,tensorflow/python/framework/ops.py,,False,0.0,,
too-many-return-statements,da0c4dc4213bade7f5f7c277ce718319f4a0901b,Maselkov/GW2Bot,guildwars2/worldsync.py,,True,1.0,,
too-many-return-statements,688aa9d70c7ecfad3ea96d1a3160986da3a08c70,ArtifexSoftware/mupdf,scripts/mupdfwrap.py,,False,0.0,,
too-many-return-statements,ae6634347b491be3b566987b3c882c8cf7744df7,conan-io/conan,conan/tools/microsoft/subsystems.py,,True,1.0,,
too-many-return-statements,ef51081c8a8e39519287b17c1fadb2edd4c7b141,lowRISC/opentitan,hw/ip/otbn/dv/otbnsim/sim/sim.py,,True,5.0,,
too-many-return-statements,f12c218b51953037b037ff439a091022a64ffdba,ewerybody/a2,ui/a2modsource.py,,True,2.0,,
too-many-return-statements,46a337c8cda6fcc515fffe9a4e4cc324edaefa0a,apache/airflow,airflow/models/baseoperator.py,,False,0.0,,
too-many-return-statements,3a6a7a3322de8620f0031ae3a0a4b62e40d1d7f2,tensorflow/docs,tools/tensorflow_docs/api_generator/public_api.py,,True,11.0,,
too-many-return-statements,aa01021cefda7a1caa937209ad73b8a4a1671443,desihub/desispec,py/desispec/util.py,,False,0.0,,
too-many-return-statements,1c4ab9bf7e99887641efc2fb60d30a9cb2ee6ef8,adbar/htmldate,htmldate/extractors.py,,,,,
too-many-return-statements,2d2226a8517bcf58a9caaa5fe19bb4ec36e7c78b,quantumlib/Cirq,cirq-core/cirq/devices/noise_properties.py,,True,3.0,,
too-many-return-statements,649cad0122c877307948d322652955df9f9f1b90,spesmilo/electrum,electrum/gui/qt/paytoedit.py,,True,6.0,,
too-many-return-statements,9cceee0d7432429851c9470ef13ad284df0d99d3,beautify-web/js-beautify,python/jsbeautifier/javascript/beautifier.py,,False,0.0,,
too-many-return-statements,a2ddbf5db6cc7d1615868637e9400d1aca369b3e,adbar/htmldate,htmldate/extractors.py,,False,0.0,,
too-many-return-statements,67ab7f857ac87671578ebb1127ec971d030ec43a,spulec/moto,moto/xray/responses.py,,False,0.0,,
too-many-return-statements,a03d0c49b9fc62e9faa3379ccc5f08717c5e79b7,adbar/htmldate,htmldate/extractors.py,,False,0.0,,
too-many-return-statements,5344f6ed74637d17ef9a9bdd74410eca671cb376,DStauffman/dstauffman,dstauffman/utils.py,,False,0.0,,
too-many-return-statements,a26aad7dcfa604506ba2c5aa76ee36dc9b6d701a,tensorflow/tensorflow,tensorflow/python/framework/ops.py,,True,1.0,,
too-many-return-statements,92f3639da40e3fe08df4a9456e88f2156d3a9b53,beautify-web/js-beautify,python/jsbeautifier/javascript/beautifier.py,,False,1.0,,
too-many-return-statements,03d14350255f90d844f6c260a1249ea8b14631c8,adbar/htmldate,htmldate/extractors.py,,,,,
too-many-return-statements,07e900756b13af8efa74dd5a6126e48bfce07257,Wintermute0110/plugin.program.advanced.emulator.launcher,resources/assets.py,,True,1.0,,
too-many-return-statements,4f6eeefc320a8dc6a069daedee52627e3adb9137,PanDAWMS/panda-jedi,pandajedi/jedithrottle/AtlasProdJobThrottler.py,,False,0.0,,
too-many-return-statements,184f4fb28c063a7fdad5022c87c02e5681680c88,MIT-LCP/wfdb-python,wfdb/io/_signal.py,,False,0.0,,
too-many-return-statements,f5d76adb10f371001a8204dd399b73c89d6faa3d,kobotoolbox/kobocat,onadata/apps/logger/views.py,,False,0.0,,
too-many-return-statements,d9640788dbf497efa5340f0e9aa2d48f4d3634ee,Catch-up-TV-and-More/plugin.video.catchuptvandmore,resources/lib/channels/fr/mycanal.py,,True,1.0,,
too-many-return-statements,96d7e898cc863a6854cd0870ba4069c8f7d7851b,PyCQA/pylint,pylint/checkers/format.py,,False,0.0,,
too-many-return-statements,205bf7ab0a862acff1ba964483c651b86e8406e5,coreboot/chrome-ec,zephyr/zmake/zmake/zmake.py,,False,0.0,,
too-many-return-statements,15918cf8360e850106b84f51c2dc1d44983ec300,BruceDLong/CodeDog,xlator_Java.py,,True,2.0,,
too-many-return-statements,ffd9a3898666ac3fd544513b6efe4c27e36b8d71,WeblateOrg/weblate,weblate/trans/views/edit.py,,False,0.0,,
too-many-return-statements,5075b0825ba34972f87ca7b1f576a7eff37a4117,isard-vdi/isard,api/src/api/views/DesktopsNonPersistentView.py,,False,0.0,,
too-many-return-statements,5062aaec014f2f43cb426955960f1c8dee553d9a,GoogleCloudPlatform/gcpdiag,gcpdiag/queries/gce_stub.py,,False,0.0,,
too-many-return-statements,da0c4dc4213bade7f5f7c277ce718319f4a0901b,Maselkov/GW2Bot,guildwars2/evtc.py,,True,9.0,,
too-many-return-statements,678a2339d0a0dd0838a560e3043a7d59fc173d49,engineervix/Bible-Playlist-Generator,tenlists/cli/__main__.py,,False,0.0,,
too-many-return-statements,e6d27be4747eb4573dcc5c0e1e7ac7550d20f951,openstack/neutron,neutron/plugins/ml2/drivers/ovn/mech_driver/ovsdb/ovsdb_monitor.py,,True,18.0,,
too-many-return-statements,58f6895c299bdc074a936ffb55764d0aba69bd78,OstapHEP/ostap,ostap/fitting/fit2d.py,,,,,
too-many-return-statements,6d032d373971bd68b1df88932690239f7cd5b123,beautify-web/js-beautify,python/jsbeautifier/javascript/beautifier.py,,False,0.0,,
too-many-return-statements,89c9e747e052957de792eef2127b6574db1aa2be,fabioz/Pydev,plugins/org.python.pydev.core/pysrc/_pydev_runfiles/pydev_runfiles_xml_rpc.py,,False,0.0,,
too-many-return-statements,c806ef59c6fffb505ca044b570bbb25aa84fd48a,rocky/python-uncompyle6,uncompyle6/scanners/scanner30.py,,,,,
too-many-return-statements,8d66b1976089d30b5fe82da76088153bfd1c2afa,desihub/desispec,py/desispec/util.py,,False,0.0,,
too-many-return-statements,97ed2b229b8dbb7a2d73adf66079ae938f6f1b78,lowRISC/opentitan,hw/ip/otbn/dv/otbnsim/sim/state.py,,False,0.0,,
too-many-return-statements,38298810d9570b40e8840f948a9d54b3dc8ddb10,WeblateOrg/weblate,weblate/trans/views/edit.py,,False,0.0,,
too-many-return-statements,3a12d6ccdec28da8bda09d9ff826aae1f9504e59,catapult-project/catapult,third_party/gsutil/gslib/vendored/boto/boto/auth.py,,True,1.0,,
too-many-return-statements,f5245cea6111a647d6268e376cfb88b0e3252db9,google/report2bq,application/classes/scheduler.py,,True,2.0,,
too-many-return-statements,a7e50b1c2a71e458e669f219894f4c96c1296046,DemocracyClub/UK-Polling-Stations,polling_stations/apps/data_importers/management/commands/import_ryedale.py,,True,1.0,,
too-many-return-statements,9837b8699e44afe15f3d869a0616bcefb2477d42,p1c2u/openapi-core,openapi_core/validation/response/validators.py,,False,0.0,,
too-many-return-statements,2d68350900dedd14f0a235461b1e0a22b96a6981,spesmilo/electrum,electrum/gui/qt/main_window.py,,False,0.0,,
too-many-return-statements,4875e8906fdedeb7ecb2f94aa40877c418df3b70,espressif/esptool,esptool.py,,False,0.0,,
too-many-return-statements,11f2dae290f8c659718b2ed2a5bc376cc2926976,beautify-web/js-beautify,python/jsbeautifier/javascript/beautifier.py,,False,0.0,,
too-many-return-statements,9d903e08588c678e10abb6f5d0b473fdc85d3aa7,globocom/database-as-a-service,dbaas/maintenance/models.py,,True,1.0,,
too-many-return-statements,51f4ae23c75dfac83d8d22a6a197a94f126a92d2,fabioz/PyDev.Debugger,_pydev_runfiles/pydev_runfiles_xml_rpc.py,,False,0.0,,
too-many-return-statements,c44a31089cffa818561499796f0c7069acf84cd4,quantumlib/qsim,qsimcirq/qsim_circuit.py,,True,25.0,,
too-many-return-statements,9f779d5ffa69b027d1e14fb53d3c067860125008,JohnCremona/bianchi-progs,FD/alphas.py,,False,0.0,,
too-many-return-statements,c77d08a5f73390b7028d4ccb8ac6239324cfea2c,specify/specify7,specifyweb/stored_queries/format.py,,,,,
too-many-return-statements,bda70c988e34a29566ad45e98e210119d3b351d6,analyst-collective/dbt,core/dbt/config/renderer.py,,False,0.0,,
too-many-return-statements,c418d03355c6beb08a7136d0bfc81aac37b6100b,PanDAWMS/panda-jedi,pandajedi/jedithrottle/AtlasProdJobThrottler.py,,,,,
too-many-return-statements,1a849e2858a050112e7ce90de030e6745a26b909,PanDAWMS/panda-jedi,pandajedi/jedithrottle/AtlasProdJobThrottler.py,,,,,
too-many-return-statements,5075b0825ba34972f87ca7b1f576a7eff37a4117,isard-vdi/isard,api/src/api/libv2/isardVpn.py,,False,0.0,,
too-many-return-statements,04bed1eba3cda9b67aea5159a7bcda920d9b1159,mikf/gallery-dl,gallery_dl/formatter.py,,False,0.0,,
too-many-return-statements,0904607b405185a37acb34e77f6d2fe597927e8e,python-poetry/poetry-core,src/poetry/core/_vendor/lark/parser_frontends.py,,True,29.0,,
too-many-return-statements,06f26cd0ab2c7ccda020f7ce8beb3dbfad781e52,OstapHEP/ostap,ostap/fitting/fit3d.py,,True,11.0,,
too-many-return-statements,c463f5e23daff71f05486f53ab04510d538dbec7,spesmilo/electrum,electrum/daemon.py,,True,4.0,,
too-many-return-statements,63bc266de4bada799f4581bba84f2d607c5d9703,corpnewt/CorpBot.py,Cogs/XpBlock.py,,False,0.0,,
too-many-return-statements,c90470061c775a42b9c7a99840d2a5d436a89407,beautify-web/js-beautify,python/jsbeautifier/javascript/beautifier.py,,False,0.0,,
too-many-return-statements,eb95533dec135d9637bc95afe09ce38b2661cf4a,google/weather-tools,weather_mv/loader_pipeline/pipeline.py,,True,1.0,,
too-many-return-statements,5e1ca6eb7afe06ccc1a17cf2c7f5cec495a9a391,Catch-up-TV-and-More/plugin.video.catchuptvandmore,resources/lib/channels/fr/mycanal.py,,False,0.0,,
too-many-return-statements,7b69934c3c6156456d8b44809f961b53e82e42cd,osm-fr/osmose-frontend,api/issues_tiles.py,,False,0.0,,
too-many-return-statements,73e57eef862219edcfc18b1956f285d407f3d52d,beautify-web/js-beautify,python/jsbeautifier/javascript/beautifier.py,,False,0.0,,
too-many-return-statements,a63ceed25c4a5f4b06585a5229a241b9038e51ee,corpnewt/CorpBot.py,Cogs/Music.py,,True,12.0,,
too-many-return-statements,47801057989046dfcf7b424ce54afee103803815,apache/airflow,airflow/models/baseoperator.py,,False,0.0,,
too-many-return-statements,99284bf65de50db3f628b3835c219cda90b2bd47,sqall01/alertR,sensorClientExecuter/lib/sensor/executer.py,,False,0.0,,
too-many-return-statements,ed1567e841935acc4e07edc050fd9cfd9a71f0aa,spesmilo/electrum,electrum/gui/qt/paytoedit.py,,False,0.0,,
too-many-return-statements,8116f18c87fb09d11c1127869d79cbc2fa1c89f0,kizniche/Mycodo,mycodo/utils/pid_controller_default.py,,False,0.0,,
too-many-return-statements,3f5034f4ef8e7bb4e740541293f2640340fb5b78,PanDAWMS/panda-jedi,pandajedi/jedithrottle/AtlasProdJobThrottler.py,,,,,
too-many-return-statements,b1a91303be1622ec2829065ee2a480c224013206,PanDAWMS/panda-jedi,pandajedi/jedithrottle/AtlasProdJobThrottler.py,,,,,
too-many-return-statements,da0c4dc4213bade7f5f7c277ce718319f4a0901b,Maselkov/GW2Bot,guildwars2/notifiers.py,,True,3.0,,
too-many-return-statements,ec4f54765bcaaf20011ea2ca2527a087e49fd6f8,globocom/database-as-a-service,dbaas/maintenance/models.py,,False,0.0,,
too-many-return-statements,3d45fda9939a7cdf7adaccfb4276020e1e989024,Giswater/giswater_qgis_plugin,core/shared/search.py,,False,0.0,,
too-many-return-statements,e259d2a9e9167c58fa75a78d1050dd5dcfde96f4,jumpserver/jumpserver,apps/orgs/middleware.py,,False,0.0,,
too-many-return-statements,b93741e530ec56cf556422432c2cd226861ea86e,tensorflow/tensorflow,tensorflow/python/framework/ops.py,,False,0.0,,
too-many-return-statements,16f3f5a8b4084342d503abf58da19a427bb86325,czcorpus/kontext,public/app.py,,False,0.0,,
too-many-return-statements,41712c88f485132cf2a416dcca29fd9b90b97310,WeblateOrg/weblate,weblate/trans/views/edit.py,,True,1.0,,
too-many-return-statements,c2d569d7afde14f336dc2fc571dc57b9b5eeed8a,merenlab/anvio,anvio/genomesimilarity.py,,False,0.0,,
too-many-return-statements,5075b0825ba34972f87ca7b1f576a7eff37a4117,isard-vdi/isard,api/src/api/views/HypervisorsView.py,,False,0.0,,
too-many-return-statements,9837b8699e44afe15f3d869a0616bcefb2477d42,p1c2u/openapi-core,openapi_core/validation/request/validators.py,,False,0.0,,
too-many-return-statements,7bf4143f77099a8e04e3740979432e766f984d5c,specify/specify7,specifyweb/stored_queries/format.py,,True,1.0,,
