LOC,LLOC,SLOC,Comments,Single comments,Multi,Blank,h1,h2,N1,N2,vocabulary,length,calculated_length,volume,difficulty,effort,time,bugs,McCabe_mean,McCabe_max,McCabe_sum,path,commit
80,46,43,3,3,11,23,6,21,13,24,27,37,107.74844088268091,175.93083758004835,3.4285714285714284,603.1914431315943,33.510635729533014,0.058643612526682785,4.333333333333333,7,13,filter.py,681466cbbec6d94c0557db904c35a0229400c4a9
