LOC,LLOC,SLOC,Comments,Single comments,Multi,Blank,h1,h2,N1,N2,vocabulary,length,calculated_length,volume,difficulty,effort,time,bugs,McCabe_mean,McCabe_max,McCabe_sum,path,commit
147,89,102,7,5,0,40,9,35,21,39,44,60,208.05423060605463,327.56589711823784,5.014285714285714,1642.508998407164,91.25049991150911,0.10918863237274595,2.1589403973509933,14,326,src\itsdangerous\timed.py,62fde54d4ff717fa1c4af688dbebf97845fed495
147,89,102,7,5,0,40,9,35,21,39,44,60,208.05423060605463,327.56589711823784,5.014285714285714,1642.508998407164,91.25049991150911,0.10918863237274595,2.1589403973509933,14,326,src\itsdangerous\signer.py,62fde54d4ff717fa1c4af688dbebf97845fed495
