LOC,LLOC,SLOC,Comments,Single comments,Multi,Blank,h1,h2,N1,N2,vocabulary,length,calculated_length,volume,difficulty,effort,time,bugs,McCabe_max,McCabe_sum,path
269,183,204,25,20,0,45,14,70,43,82,84,125,482.3527800949542,799.0396778473449,8.2,6552.125358348228,364.0069643526793,0.2663465592824483,29,82,cappuccino\urlinfo.py
129,67,86,14,15,6,22,4,10,8,13,14,21,41.219280948873624,79.95445336320968,2.6,207.88157874434518,11.548976596908066,0.026651484454403226,11,24,cappuccino\lastfm.py
133,63,93,14,14,3,23,5,30,17,31,35,48,158.81635834269238,246.20558481335837,2.5833333333333335,636.0310941011759,35.33506078339866,0.08206852827111946,10,28,cappuccino\triggers.py
246,150,152,19,19,27,48,13,43,26,50,56,76,281.4351007880244,441.35897407637793,7.558139534883721,3335.8527110423915,185.3251506134662,0.14711965802545932,39,57,cappuccino\rice.py
