LOC,LLOC,SLOC,Comments,Single comments,Multi,Blank,h1,h2,N1,N2,vocabulary,length,calculated_length,volume,difficulty,effort,time,bugs,McCabe_mean,McCabe_max,McCabe_sum,path,commit
714,539,585,30,31,3,95,11,306,178,346,317,524,2564.8144276689613,4353.569651793049,6.218954248366013,27074.65048157573,1504.1472489764294,1.4511898839310164,3.2857142857142856,9,161,sync-sheet.py,
897,711,769,14,14,2,112,14,353,211,408,367,619,3040.9270726735335,5273.654840509949,8.090651558073654,42667.30375211449,2370.40576400636,1.7578849468366498,3.8620689655172415,15,224,sync-sheet-on-org.py,
