LOC,LLOC,SLOC,Comments,Single comments,Multi,Blank,h1,h2,N1,N2,vocabulary,length,calculated_length,volume,difficulty,effort,time,bugs,McCabe_mean,McCabe_max,McCabe_sum,path,commit
83,54,62,0,0,0,21,3,7,5,7,10,12,24.406371956566698,39.863137138648355,1.5,59.79470570797253,3.321928094887363,0.013287712379549451,2.75,6,22,plugins\create_package.py,
119,81,75,6,7,8,29,8,20,11,21,28,32,110.43856189774725,153.83535750584332,4.2,646.108501524542,35.894916751363446,0.05127845250194777,3.875,5,31,plugins\new_resource_file\__init__.py,
405,115,148,18,6,151,100,8,16,8,16,24,24,88.0,110.03910001730776,4.0,440.15640006923104,24.4531333371795,0.036679700005769256,1.625,4,26,plugins\lib\fileconv\dumpers.py,
444,177,355,35,26,0,63,11,57,42,71,68,113,370.5284786124006,687.8833010612884,6.850877192982456,4712.604018674266,261.81133437079257,0.22929443368709615,3.3684210526315788,9,64,plugins\syntax_dev\completions.py,
429,197,208,31,29,102,90,8,85,55,104,93,159,568.7982295717047,1039.726250966177,4.894117647058824,5088.542592963879,282.69681072021547,0.3465754169887257,4.4,10,88,plugins\lib\fileconv\loaders.py,
286,146,221,7,3,15,47,9,42,30,49,51,79,255.00665676968876,448.1216020157482,5.25,2352.638410582678,130.70213392125987,0.14937386733858274,4.357142857142857,8,61,plugins\command_completions\__init__.py,
