LOC,LLOC,SLOC,Comments,Single comments,Multi,Blank,h1,h2,N1,N2,vocabulary,length,calculated_length,volume,difficulty,effort,time,bugs,McCabe_max,McCabe_sum,path
267,186,203,22,17,0,47,14,64,38,72,78,110,437.30296890880646,691.3942440748474,7.875,5444.729672089423,302.4849817827457,0.23046474802494912,23,74,cappuccino\urlinfo.py
132,74,93,14,15,6,18,4,10,8,13,14,21,41.219280948873624,79.95445336320968,2.6,207.88157874434518,11.548976596908066,0.026651484454403226,12,26,cappuccino\lastfm.py
134,65,95,14,14,3,22,5,30,17,31,35,48,158.81635834269238,246.20558481335837,2.5833333333333335,636.0310941011759,35.33506078339866,0.08206852827111946,10,28,cappuccino\triggers.py
241,162,164,17,17,27,33,13,44,27,51,57,78,288.3207075558753,454.9654211048499,7.534090909090909,3427.750843096767,190.43060239426484,0.1516551403682833,42,60,cappuccino\rice.py
