,msg_id,path,msg,LLOC_diff,SLOC_diff,LOC_diff,McCabe_max_diff,N2_diff,N1_diff,McCabe_sum_diff
0,C0302,1,too-many-lines,0.0,0.0,0.0,0.0,0.0,0.0,0.0
1,C0325,1,superfluous-parens,0.0,0.0,0.0,0.0,0.0,0.0,0.0
2,R0911,1,too-many-return-statements,3.0,3.0,3.0,0.0,0.0,0.0,0.0
3,R0912,6,too-many-branches,3.0,3.6666666666666665,4.833333333333333,-3.3333333333333335,0.3333333333333333,0.16666666666666666,-2.8333333333333335
4,R0915,1,too-many-statements,27.0,27.0,51.0,-26.0,0.0,0.0,12.0
5,R1702,3,too-many-nested-blocks,3.6666666666666665,6.666666666666667,9.0,-5.666666666666667,0.0,0.0,0.3333333333333333
