,msg_id,path,msg,modified_McCabe_max_diff,SLOC_diff,difficulty_diff,LLOC_diff,N1_diff,h2_diff,volume_diff,bugs_diff,calculated_length_diff,Single comments_diff,vocabulary_diff,h1_diff,Multi_diff,time_diff,Blank_diff,effort_diff,length_diff,McCabe_max_diff,LOC_diff,Comments_diff,N2_diff,McCabe_sum_diff
0,C0301,11,line-too-long,,0.7272727272727273,0.024771863218246495,0.0,0.36363636363636365,0.7272727272727273,5.9070273328723575,0.001969009110957455,3.8872800973859696,0.2727272727272727,0.8181818181818182,0.09090909090909091,0.09090909090909091,0.878643253918763,0.0,15.815578570537726,1.0909090909090908,0.0,1.0909090909090908,0.36363636363636365,0.7272727272727273,0.0
1,W0107,1,unnecessary-pass,,-1.0,0.0,-1.0,0.0,0.0,0.0,0.0,0.0,0.0,0.0,0.0,0.0,0.0,0.0,0.0,0.0,0.0,-1.0,0.0,0.0,0.0
2,W0718,5,broad-exception-caught,,0.0,0.0,0.0,0.0,0.0,0.0,0.0,0.0,0.0,0.0,0.0,0.0,0.0,0.0,0.0,0.0,0.0,0.0,0.0,0.0,0.0
