,msg_id,path,msg,McCabe_max_diff,N2_diff,SLOC_diff,N1_diff,LLOC_diff,McCabe_sum_diff,LOC_diff
0,C0301,7,line-too-long,0.0,1.1428571428571428,1.1428571428571428,0.5714285714285714,0.0,0.0,1.2857142857142858
