,msg_id,path,msg,modified_McCabe_max_diff,SLOC_diff,N1_diff,LOC_diff,N2_diff,LLOC_diff,McCabe_sum_diff,McCabe_max_diff
0,C0301,13,line-too-long,,2.3846153846153846,0.9230769230769231,2.4615384615384617,1.8461538461538463,0.0,0.0,0.0
1,C0325,1,superfluous-parens,,0.0,0.0,0.0,0.0,0.0,0.0,0.0
2,R0133,1,comparison-of-constants,,0.0,-1.0,0.0,-2.0,0.0,0.0,0.0
3,R0911,2,too-many-return-statements,-11.5,4.5,-1.5,12.5,-3.0,3.5,-0.5,-6.0
4,R0912,3,too-many-branches,-11.333333333333334,11.0,0.0,15.666666666666666,0.0,5.0,0.3333333333333333,-10.666666666666666
5,R0915,3,too-many-statements,-10.5,1.6666666666666667,0.0,2.6666666666666665,0.0,1.3333333333333333,5.333333333333333,-7.0
6,W0401,1,wildcard-import,,0.0,0.0,-1.0,0.0,0.0,0.0,0.0
7,W0718,1,broad-exception-caught,,0.0,0.0,0.0,0.0,0.0,0.0,0.0
