,msg_id,path,msg,modified_McCabe_max_diff,SLOC_diff,difficulty_diff,LLOC_diff,N1_diff,h2_diff,volume_diff,bugs_diff,calculated_length_diff,Single comments_diff,vocabulary_diff,h1_diff,Multi_diff,time_diff,Blank_diff,effort_diff,length_diff,McCabe_max_diff,LOC_diff,Comments_diff,N2_diff,McCabe_sum_diff
0,C0301,7,line-too-long,,1.1428571428571428,0.14285714285714285,0.0,0.5714285714285714,1.1428571428571428,3.9804481626640498,0.0013268160542213429,2.2857142857142856,0.0,1.4285714285714286,0.2857142857142857,0.14285714285714285,0.11056800451844583,0.0,1.9902240813320249,1.7142857142857142,0.0,1.2857142857142858,0.0,1.1428571428571428,0.0
