,msg_id,path,msg,LOC_diff,N1_diff,SLOC_diff,N2_diff,McCabe_max_diff,Multi_diff,McCabe_sum_diff,LLOC_diff
0,C0301,11, line-too-long,1.0909090909090908,0.36363636363636365,0.7272727272727273,0.7272727272727273,0.0,0.09090909090909091,0.0,0.0
1,W0107,1,unnecessary-pass,-1.0,0.0,-1.0,0.0,0.0,0.0,0.0,-1.0
2,W0718,5, broad-exception-caught,0.0,0.0,0.0,0.0,0.0,0.0,0.0,0.0
