,msg_id,path,msg,LOC_diff,N1_diff,SLOC_diff,N2_diff,McCabe_max_diff,Multi_diff,McCabe_sum_diff,LLOC_diff
0,R0912,7, too-many-branches,9.142857142857142,0.42857142857142855,5.142857142857143,1.1428571428571428,-5.0,0.0,0.14285714285714285,3.5714285714285716
1,R0915,1, too-many-statements,8.0,0.0,5.0,0.0,-12.0,0.0,0.0,5.0
2,R1719,1, simplifiable-if-expression,0.0,0.0,0.0,0.0,0.0,0.0,-1.0,0.0
3,W0107,1,unnecessary-pass,-1.0,0.0,-1.0,0.0,0.0,0.0,0.0,-1.0
4,W0718,3, broad-exception-caught,2.6666666666666665,0.0,2.6666666666666665,0.0,0.0,0.0,0.0,0.0
