,msg_id,path,msg,McCabe_max_diff,N2_diff,SLOC_diff,N1_diff,LLOC_diff,McCabe_sum_diff,LOC_diff
0,C0325,1,superfluous-parens,0.0,0.0,0.0,0.0,0.0,0.0,0.0
1,R0911,1,too-many-return-statements,0.0,0.0,3.0,0.0,3.0,0.0,3.0
2,R0912,6,too-many-branches,-3.3333333333333335,0.3333333333333333,3.6666666666666665,0.16666666666666666,3.0,-2.8333333333333335,4.833333333333333
3,R0915,1,too-many-statements,-26.0,0.0,27.0,0.0,27.0,12.0,51.0
4,R1702,3,too-many-nested-blocks,-5.666666666666667,0.0,6.666666666666667,0.0,3.6666666666666665,0.3333333333333333,9.0
