,msg_id,path,msg,N1_diff,McCabe_max_diff,SLOC_diff,McCabe_sum_diff,N2_diff,LOC_diff,LLOC_diff
0,R0912,7,too-many-branches,0.42857142857142855,-5.0,5.142857142857143,0.14285714285714285,1.1428571428571428,9.142857142857142,3.5714285714285716
1,R0915,1,too-many-statements,0.0,-12.0,5.0,0.0,0.0,8.0,5.0
2,R1719,1,simplifiable-if-expression,0.0,0.0,0.0,-1.0,0.0,0.0,0.0
3,W0107,1,unnecessary-pass,0.0,0.0,-1.0,0.0,0.0,-1.0,-1.0
4,W0718,3,broad-exception-caught,0.0,0.0,2.6666666666666665,0.0,0.0,2.6666666666666665,0.0
