,msg_id,path,msg,McCabe_sum_diff,SLOC_diff,McCabe_max_diff,N1_diff,LOC_diff,N2_diff,LLOC_diff
0,C0302,1,too-many-lines,0.0,0.0,0.0,0.0,0.0,0.0,0.0
1,C0325,1,superfluous-parens,0.0,0.0,0.0,0.0,0.0,0.0,0.0
2,R0911,1,too-many-return-statements,0.0,3.0,0.0,0.0,3.0,0.0,3.0
3,R0912,6,too-many-branches,-2.8333333333333335,3.6666666666666665,-3.3333333333333335,0.16666666666666666,4.833333333333333,0.3333333333333333,3.0
4,R0915,1,too-many-statements,12.0,27.0,-26.0,0.0,51.0,0.0,27.0
5,R1702,3,too-many-nested-blocks,0.3333333333333333,6.666666666666667,-5.666666666666667,0.0,9.0,0.0,3.6666666666666665
